ID,label
0,6
1,3
2,3
3,3
4,4
5,5
6,1
7,1
8,2
9,4
10,6
11,2
12,3
13,3
14,2
15,4
16,3
17,3
18,2
19,5
20,4
21,2
22,4
23,4
24,4
25,4
26,1
27,2
28,4
29,4
30,4
31,1
32,6
33,3
34,3
35,2
36,6
37,4
38,6
39,1
40,3
41,2
42,2
43,5
44,2
45,2
46,5
47,6
48,2
49,3
50,3
51,1
52,4
53,5
54,3
55,2
56,4
57,3
58,3
59,2
60,4
61,6
62,3
63,4
64,2
65,2
66,2
67,4
68,2
69,6
70,2
71,4
72,3
73,1
74,3
75,2
76,2
77,3
78,4
79,2
80,3
81,3
82,5
83,4
84,4
85,6
86,4
87,6
88,3
89,5
90,3
91,3
92,5
93,5
94,3
95,2
96,4
97,5
98,3
99,3
100,4
101,2
102,2
103,5
104,4
105,2
106,2
107,1
108,4
109,3
110,3
111,2
112,4
113,1
114,2
115,3
116,5
117,1
118,5
119,3
120,2
121,4
122,5
123,2
124,5
125,3
126,1
127,3
128,1
129,6
130,2
131,4
132,3
133,3
134,4
135,2
136,2
137,2
138,6
139,2
140,4
141,3
142,4
143,6
144,4
145,5
146,5
147,2
148,4
149,4
150,2
151,2
152,4
153,4
154,6
155,4
156,2
157,5
158,1
159,6
160,3
161,4
162,4
163,4
164,3
165,2
166,6
167,2
168,4
169,4
170,3
171,3
172,3
173,2
174,3
175,6
176,1
177,4
178,4
179,3
180,2
181,4
182,3
183,4
184,2
185,3
186,1
187,4
188,4
189,2
190,5
191,4
192,4
193,3
194,4
195,3
196,4
197,3
198,4
199,4
200,5
201,5
202,6
203,3
204,1
205,5
206,5
207,4
208,4
209,2
210,3
211,3
212,2
213,4
214,5
215,2
216,2
217,2
218,4
219,4
220,6
221,3
222,3
223,5
224,1
225,1
226,4
227,4
228,4
229,2
230,2
231,3
232,4
233,3
234,1
235,4
236,2
237,5
238,3
239,2
240,4
241,2
242,3
243,2
244,2
245,1
246,2
247,5
248,2
249,4
250,1
251,3
252,5
253,2
254,1
255,1
256,3
257,5
258,4
259,6
260,5
261,3
262,3
263,4
264,5
265,3
266,2
267,2
268,6
269,4
270,2
271,3
272,2
273,2
274,2
275,2
276,4
277,4
278,4
279,4
280,5
281,4
282,3
283,3
284,3
285,4
286,1
287,4
288,3
289,4
290,4
291,2
292,2
293,4
294,1
295,4
296,3
297,5
298,3
299,4
300,3
301,4
302,4
303,2
304,5
305,5
306,4
307,1
308,2
309,3
310,1
311,4
312,4
313,2
314,3
315,2
316,6
317,4
318,3
319,4
320,6
321,4
322,3
323,3
324,1
325,4
326,3
327,3
328,4
329,2
330,3
331,3
332,3
333,6
334,5
335,2
336,4
337,5
338,2
339,3
340,4
341,3
342,3
343,4
344,5
345,3
346,2
347,2
348,3
349,2
350,6
351,6
352,1
353,2
354,2
355,3
356,3
357,6
358,2
359,4
360,2
361,6
362,2
363,2
364,3
365,4
366,4
367,3
368,2
369,3
370,1
371,4
372,4
373,3
374,5
375,3
376,4
377,3
378,3
379,3
380,3
381,2
382,4
383,2
384,4
385,2
386,3
387,3
388,4
389,2
390,2
391,4
392,3
393,4
394,4
395,5
396,2
397,3
398,3
399,4
400,4
401,2
402,3
403,4
404,1
405,3
406,3
407,2
408,4
409,4
410,5
411,4
412,3
413,3
414,2
415,2
416,5
417,3
418,4
419,2
420,1
421,4
422,4
423,3
424,4
425,2
426,1
427,5
428,2
429,5
430,1
431,2
432,3
433,4
434,5
435,3
436,2
437,1
438,3
439,4
440,4
441,3
442,2
443,5
444,2
445,2
446,1
447,4
448,4
449,4
450,4
451,4
452,5
453,6
454,5
455,4
456,2
457,3
458,3
459,1
460,3
461,1
462,2
463,4
464,3
465,4
466,3
467,3
468,2
469,2
470,4
471,4
472,2
473,3
474,4
475,3
476,3
477,6
478,4
479,3
480,6
481,2
482,4
483,2
484,1
485,3
486,1
487,3
488,2
489,3
490,4
491,2
492,1
493,4
494,4
495,4
496,4
497,2
498,4
499,2
500,4
501,2
502,3
503,4
504,1
505,4
506,4
507,2
508,3
509,4
510,4
511,5
512,6
513,4
514,2
515,2
516,1
517,4
518,3
519,4
520,5
521,4
522,2
523,4
524,4
525,4
526,1
527,3
528,4
529,3
530,4
531,5
532,2
533,4
534,3
535,5
536,2
537,4
538,2
539,6
540,1
541,2
542,1
543,5
544,4
545,4
546,2
547,2
548,2
549,1
550,1
551,2
552,3
553,2
554,4
555,6
556,3
557,2
558,3
559,3
560,2
561,4
562,3
563,2
564,1
565,4
566,4
567,4
568,5
569,1
570,3
571,3
572,1
573,1
574,6
575,2
576,3
577,1
578,2
579,3
580,4
581,2
582,3
583,4
584,3
585,2
586,2
587,2
588,2
589,6
590,2
591,2
592,4
593,4
594,4
595,3
596,4
597,4
598,4
599,1
600,3
601,3
602,4
603,5
604,5
605,5
606,4
607,3
608,5
609,3
610,1
611,5
612,3
613,2
614,5
615,2
616,5
617,2
618,4
619,2
620,4
621,4
622,3
623,1
624,4
625,5
626,2
627,4
628,2
629,5
630,4
631,4
632,6
633,5
634,2
635,2
636,4
637,2
638,3
639,6
640,3
641,3
642,2
643,2
644,2
645,1
646,1
647,3
648,3
649,2
650,4
651,5
652,2
653,3
654,1
655,3
656,2
657,5
658,4
659,2
660,4
661,4
662,2
663,4
664,3
665,5
666,5
667,2
668,6
669,2
670,3
671,1
672,3
673,2
674,3
675,3
676,4
677,3
678,3
679,1
680,4
681,3
682,1
683,2
684,4
685,2
686,3
687,3
688,2
689,5
690,6
691,4
692,4
693,3
694,4
695,5
696,4
697,6
698,5
699,4
700,5
701,3
702,3
703,1
704,4
705,2
706,2
707,5
708,2
709,3
710,3
711,2
712,4
713,6
714,4
715,2
716,3
717,3
718,5
719,4
720,3
721,4
722,3
723,4
724,5
725,2
726,4
727,3
728,4
729,4
730,1
731,4
732,2
733,4
734,4
735,3
736,2
737,4
738,4
739,2
740,4
741,1
742,3
743,4
744,4
745,2
746,1
747,4
748,6
749,2
750,6
751,6
752,4
753,3
754,1
755,4
756,4
757,2
758,4
759,3
760,5
761,4
762,3
763,4
764,2
765,5
766,3
767,2
768,1
769,4
770,3
771,4
772,4
773,2
774,2
775,4
776,4
777,2
778,6
779,1
780,4
781,3
782,3
783,2
784,4
785,2
786,4
787,3
788,6
789,6
790,1
791,4
792,2
793,6
794,3
795,2
796,3
797,4
798,2
799,4
800,4
801,4
802,2
803,5
804,2
805,4
806,3
807,2
808,3
809,1
810,4
811,6
812,2
813,3
814,4
815,4
816,4
817,4
818,1
819,4
820,2
821,2
822,5
823,4
824,4
825,3
826,2
827,4
828,3
829,5
830,4
831,3
832,4
833,1
834,5
835,2
836,3
837,2
838,2
839,2
840,3
841,3
842,3
843,1
844,3
845,2
846,4
847,3
848,2
849,2
850,3
851,5
852,5
853,1
854,4
855,2
856,3
857,4
858,4
859,4
860,6
861,2
862,2
863,3
864,4
865,5
866,3
867,2
868,2
869,4
870,6
871,3
872,4
873,4
874,3
875,3
876,2
877,3
878,4
879,4
880,3
881,3
882,2
883,4
884,1
885,2
886,1
887,5
888,6
889,2
890,2
891,4
892,4
893,2
894,2
895,3
896,4
897,1
898,1
899,3
900,3
901,5
902,3
903,4
904,2
905,3
906,4
907,4
908,5
909,3
910,4
911,3
912,4
913,4
914,4
915,1
916,4
917,5
918,1
919,3
920,3
921,5
922,4
923,6
924,2
925,3
926,5
927,4
928,4
929,2
930,2
931,4
932,2
933,1
934,1
935,4
936,4
937,2
938,2
939,2
940,2
941,4
942,4
943,1
944,2
945,6
946,4
947,6
948,4
949,5
950,2
951,3
952,4
953,3
954,5
955,2
956,6
957,5
958,1
959,4
960,2
961,3
962,5
963,2
964,4
965,3
966,4
967,2
968,2
969,4
970,3
971,3
972,4
973,3
974,2
975,1
976,5
977,4
978,2
979,5
980,3
981,2
982,2
983,4
984,1
985,3
986,3
987,4
988,3
989,5
990,3
991,4
992,4
993,2
994,1
995,4
996,3
997,2
998,3
999,2
1000,5
1001,4
1002,1
1003,3
1004,4
1005,6
1006,2
1007,4
1008,4
1009,1
1010,3
1011,3
1012,2
1013,3
1014,4
1015,3
1016,4
1017,2
1018,3
1019,4
1020,2
1021,3
1022,5
1023,2
1024,4
1025,2
1026,2
1027,4
1028,3
1029,2
1030,2
1031,5
1032,3
1033,2
1034,2
1035,4
1036,4
1037,1
1038,4
1039,5
1040,3
1041,5
1042,4
1043,3
1044,2
1045,3
1046,5
1047,6
1048,2
1049,6
1050,2
1051,5
1052,4
1053,2
1054,4
1055,1
1056,3
1057,2
1058,4
1059,3
1060,1
1061,2
1062,2
1063,2
1064,6
1065,2
1066,3
1067,3
1068,5
1069,2
1070,1
1071,3
1072,2
1073,3
1074,4
1075,2
1076,3
1077,2
1078,2
1079,4
1080,4
1081,2
1082,2
1083,4
1084,2
1085,5
1086,4
1087,1
1088,3
1089,1
1090,3
1091,3
1092,3
1093,4
1094,1
1095,2
1096,6
1097,2
1098,4
1099,5
1100,5
1101,4
1102,3
1103,6
1104,5
1105,2
1106,2
1107,2
1108,1
1109,4
1110,4
1111,3
1112,4
1113,2
1114,1
1115,4
1116,4
1117,2
1118,2
1119,4
1120,4
1121,3
1122,3
1123,4
1124,2
1125,4
1126,4
1127,3
1128,4
1129,4
1130,2
1131,3
1132,4
1133,2
1134,3
1135,3
1136,3
1137,2
1138,2
1139,6
1140,5
1141,4
1142,5
1143,3
1144,4
1145,4
1146,3
1147,2
1148,3
1149,1
1150,3
1151,3
1152,4
1153,1
1154,2
1155,2
1156,3
1157,5
1158,4
1159,2
1160,6
1161,3
1162,3
1163,4
1164,2
1165,3
1166,3
1167,1
1168,2
1169,6
1170,2
1171,3
1172,4
1173,1
1174,2
1175,2
1176,2
1177,4
1178,4
1179,3
1180,4
1181,3
1182,2
1183,3
1184,4
1185,2
1186,4
1187,1
1188,4
1189,5
1190,2
1191,3
1192,2
1193,1
1194,3
1195,4
1196,3
1197,5
1198,4
1199,4
1200,3
1201,4
1202,2
1203,4
1204,3
1205,5
1206,4
1207,2
1208,3
1209,5
1210,4
1211,3
1212,3
1213,3
1214,3
1215,3
1216,5
1217,6
1218,3
1219,2
1220,3
1221,2
1222,4
1223,4
1224,3
1225,4
1226,4
1227,2
1228,5
1229,4
1230,6
1231,3
1232,3
1233,4
1234,2
1235,4
1236,6
1237,3
1238,1
1239,5
1240,3
1241,4
1242,2
1243,2
1244,5
1245,3
1246,5
1247,3
1248,6
1249,2
1250,2
1251,2
1252,5
1253,2
1254,4
1255,3
1256,3
1257,2
1258,4
1259,2
1260,5
1261,2
1262,3
1263,2
1264,2
1265,3
1266,3
1267,4
1268,4
1269,2
1270,3
1271,1
1272,4
1273,1
1274,4
1275,4
1276,6
1277,4
1278,3
1279,2
1280,4
1281,4
1282,4
1283,3
1284,2
1285,6
1286,2
1287,4
1288,3
1289,4
1290,4
1291,2
1292,6
1293,4
1294,4
1295,2
1296,4
1297,4
1298,1
1299,4
1300,5
1301,3
1302,2
1303,4
1304,3
1305,2
1306,4
1307,4
1308,2
1309,3
1310,4
1311,4
1312,4
1313,2
1314,2
1315,4
1316,1
1317,2
1318,4
1319,4
1320,2
1321,4
1322,5
1323,4
1324,2
1325,4
1326,2
1327,2
1328,2
1329,4
1330,2
1331,3
1332,2
1333,4
1334,3
1335,1
1336,2
1337,2
1338,4
1339,2
1340,4
1341,4
1342,3
1343,4
1344,4
1345,4
1346,6
1347,2
1348,2
1349,3
1350,4
1351,2
1352,4
1353,6
1354,3
1355,2
1356,5
1357,4
1358,2
1359,3
1360,2
1361,6
1362,3
1363,3
1364,2
1365,4
1366,3
1367,4
1368,2
1369,5
1370,3
1371,1
1372,4
1373,2
1374,3
1375,5
1376,5
1377,4
1378,1
1379,3
1380,4
1381,2
1382,2
1383,5
1384,4
1385,2
1386,4
1387,4
1388,2
1389,3
1390,3
1391,2
1392,3
1393,3
1394,4
1395,5
1396,3
1397,5
1398,4
1399,4
1400,2
1401,4
1402,4
1403,3
1404,4
1405,3
1406,3
1407,5
1408,4
1409,4
1410,3
1411,5
1412,6
1413,4
1414,4
1415,2
1416,2
1417,3
1418,2
1419,3
1420,4
1421,2
1422,4
1423,4
1424,4
1425,6
1426,3
1427,4
1428,2
1429,4
1430,5
1431,4
1432,3
1433,1
1434,3
1435,5
1436,6
1437,6
1438,3
1439,3
1440,1
1441,3
1442,3
1443,2
1444,2
1445,4
1446,3
1447,3
1448,1
1449,3
1450,1
1451,4
1452,1
1453,1
1454,2
1455,5
1456,2
1457,4
1458,3
1459,2
1460,4
1461,3
1462,4
1463,3
1464,3
1465,6
1466,5
1467,3
1468,3
1469,2
1470,2
1471,3
1472,3
1473,5
1474,4
1475,3
1476,3
1477,5
1478,2
1479,3
1480,2
1481,4
1482,2
1483,4
1484,4
1485,1
1486,3
1487,1
1488,4
1489,6
1490,3
1491,2
1492,3
1493,3
1494,4
1495,4
1496,3
1497,2
1498,2
1499,3
1500,6
1501,2
1502,3
1503,3
1504,3
1505,2
1506,4
1507,4
1508,5
1509,3
1510,3
1511,5
1512,2
1513,4
1514,3
1515,4
1516,3
1517,1
1518,1
1519,2
1520,4
1521,3
1522,4
1523,3
1524,4
1525,4
1526,4
1527,5
1528,5
1529,3
1530,3
1531,2
1532,2
1533,2
1534,3
1535,4
1536,5
1537,5
1538,4
1539,2
1540,2
1541,5
1542,4
1543,5
1544,3
1545,3
1546,2
1547,3
1548,2
1549,3
1550,2
1551,4
1552,5
1553,2
1554,5
1555,1
1556,4
1557,3
1558,4
1559,4
1560,5
1561,5
1562,2
1563,6
1564,3
1565,4
1566,6
1567,6
1568,6
1569,1
1570,4
1571,3
1572,4
1573,3
1574,2
1575,5
1576,4
1577,4
1578,2
1579,4
1580,3
1581,2
1582,2
1583,2
1584,3
1585,4
1586,2
1587,3
1588,4
1589,4
1590,2
1591,6
1592,3
1593,4
1594,3
1595,5
1596,5
1597,5
1598,3
1599,6
1600,3
1601,3
1602,5
1603,5
1604,5
1605,5
1606,3
1607,4
1608,4
1609,4
1610,4
1611,2
1612,4
1613,1
1614,2
1615,3
1616,2
1617,3
1618,6
1619,1
1620,4
1621,6
1622,5
1623,2
1624,4
1625,5
1626,2
1627,6
1628,1
1629,3
1630,4
1631,3
1632,2
1633,5
1634,2
1635,4
1636,3
1637,5
1638,3
1639,2
1640,4
1641,6
1642,4
1643,1
1644,4
1645,6
1646,2
1647,2
1648,4
1649,2
1650,4
1651,4
1652,5
1653,4
1654,4
1655,3
1656,4
1657,2
1658,4
1659,4
1660,4
1661,4
1662,3
1663,2
1664,4
1665,2
1666,3
1667,2
1668,1
1669,3
1670,1
1671,2
1672,2
1673,3
1674,5
1675,3
1676,2
1677,3
1678,5
1679,4
1680,3
1681,1
1682,2
1683,3
1684,4
1685,1
1686,4
1687,3
1688,3
1689,2
1690,4
1691,3
1692,4
1693,4
1694,1
1695,6
1696,4
1697,4
1698,4
1699,4
1700,3
1701,2
1702,4
1703,5
1704,5
1705,2
1706,2
1707,5
1708,4
1709,2
1710,4
1711,4
1712,1
1713,6
1714,3
1715,3
1716,4
1717,4
1718,6
1719,3
1720,4
1721,4
1722,2
1723,1
1724,4
1725,2
1726,2
1727,3
1728,5
1729,4
1730,4
1731,4
1732,5
1733,3
1734,4
1735,3
1736,4
1737,6
1738,4
1739,4
1740,3
1741,4
1742,4
1743,4
1744,4
1745,1
1746,4
1747,3
1748,4
1749,1
1750,4
1751,6
1752,1
1753,5
1754,2
1755,4
1756,1
1757,3
1758,2
1759,4
1760,6
1761,6
1762,3
1763,2
1764,4
1765,4
1766,2
1767,4
1768,3
1769,1
1770,2
1771,6
1772,2
1773,2
1774,6
1775,3
1776,3
1777,2
1778,4
1779,4
1780,4
1781,2
1782,5
1783,1
1784,2
1785,6
1786,3
1787,6
1788,2
1789,6
1790,3
1791,3
1792,5
1793,3
1794,2
1795,4
1796,4
1797,5
1798,4
1799,2
1800,3
1801,2
1802,2
1803,6
1804,5
1805,3
1806,3
1807,2
1808,5
1809,5
1810,2
1811,3
1812,3
1813,5
1814,5
1815,2
1816,3
1817,1
1818,3
1819,2
1820,2
1821,2
1822,4
1823,4
1824,6
1825,4
1826,2
1827,5
1828,4
1829,3
1830,4
1831,3
1832,4
1833,3
1834,2
1835,3
1836,4
1837,4
1838,4
1839,4
1840,4
1841,3
1842,4
1843,4
1844,3
1845,6
1846,2
1847,3
1848,2
1849,1
1850,5
1851,2
1852,4
1853,2
1854,4
1855,3
1856,2
1857,4
1858,2
1859,6
1860,4
1861,6
1862,4
1863,3
1864,3
1865,5
1866,6
1867,4
1868,4
1869,3
1870,4
1871,5
1872,4
1873,2
1874,3
1875,6
1876,4
1877,3
1878,3
1879,3
1880,1
1881,3
1882,5
1883,4
1884,1
1885,3
1886,4
1887,5
1888,2
1889,2
1890,2
1891,3
1892,5
1893,5
1894,2
1895,1
1896,3
1897,5
1898,2
1899,2
1900,2
1901,3
1902,2
1903,2
1904,5
1905,3
1906,2
1907,1
1908,5
1909,4
1910,6
1911,3
1912,6
1913,4
1914,4
1915,3
1916,3
1917,2
1918,2
1919,4
1920,2
1921,3
1922,4
1923,5
1924,2
1925,2
1926,3
1927,2
1928,5
1929,3
1930,1
1931,5
1932,6
1933,5
1934,5
1935,2
1936,2
1937,4
1938,2
1939,3
1940,5
1941,3
1942,4
1943,1
1944,1
1945,1
1946,4
1947,3
1948,5
1949,2
1950,3
1951,4
1952,4
1953,4
1954,3
1955,4
1956,2
1957,4
1958,4
1959,6
1960,3
1961,4
1962,3
1963,2
1964,1
1965,4
1966,6
1967,3
1968,2
1969,5
1970,3
1971,4
1972,2
1973,3
1974,4
1975,3
1976,5
1977,4
1978,3
1979,4
1980,6
1981,3
1982,4
1983,4
1984,4
1985,2
1986,4
1987,6
1988,4
1989,2
1990,2
1991,3
1992,5
1993,2
1994,4
1995,2
1996,3
1997,1
1998,4
1999,6
2000,2
2001,4
2002,3
2003,2
2004,4
2005,1
2006,2
2007,5
2008,4
2009,6
2010,6
2011,2
2012,2
2013,3
2014,4
2015,3
2016,4
2017,4
2018,2
2019,3
2020,3
2021,4
2022,5
2023,3
2024,5
2025,4
2026,5
2027,3
2028,3
2029,1
2030,3
2031,4
2032,5
2033,3
2034,2
2035,5
2036,3
2037,1
2038,1
2039,2
2040,2
2041,1
2042,2
2043,2
2044,3
2045,2
2046,1
2047,6
2048,3
2049,3
2050,4
2051,2
2052,6
2053,6
2054,3
2055,3
2056,3
2057,2
2058,3
2059,4
2060,4
2061,4
2062,4
2063,2
2064,4
2065,4
2066,4
2067,2
2068,4
2069,3
2070,3
2071,3
2072,5
2073,5
2074,4
2075,4
2076,2
2077,1
2078,2
2079,2
2080,4
2081,5
2082,4
2083,2
2084,6
2085,3
2086,3
2087,2
2088,6
2089,4
2090,2
2091,4
2092,2
2093,4
2094,2
2095,4
2096,3
2097,3
2098,6
2099,3
2100,5
2101,4
2102,2
2103,4
2104,2
2105,1
2106,2
2107,4
2108,6
2109,3
2110,2
2111,1
2112,4
2113,2
2114,4
2115,3
2116,3
2117,4
2118,2
2119,4
2120,2
2121,2
2122,4
2123,2
2124,4
2125,2
2126,3
2127,2
2128,3
2129,5
2130,3
2131,4
2132,5
2133,4
2134,3
2135,4
2136,1
2137,4
2138,6
2139,2
2140,4
2141,4
2142,3
2143,3
2144,4
2145,3
2146,1
2147,4
2148,2
2149,3
2150,4
2151,3
2152,5
2153,3
2154,5
2155,3
2156,1
2157,2
2158,2
2159,2
2160,2
2161,3
2162,4
2163,4
2164,1
2165,3
2166,3
2167,4
2168,2
2169,4
2170,3
2171,4
2172,2
2173,4
2174,1
2175,6
2176,3
2177,4
2178,3
2179,3
2180,2
2181,3
2182,4
2183,2
2184,4
2185,6
2186,3
2187,3
2188,4
2189,3
2190,5
2191,4
2192,2
2193,3
2194,2
2195,4
2196,5
2197,3
2198,5
2199,3
2200,4
2201,5
2202,4
2203,6
2204,6
2205,2
2206,1
2207,4
2208,3
2209,3
2210,3
2211,2
2212,6
2213,3
2214,3
2215,4
2216,5
2217,4
2218,6
2219,4
2220,2
2221,4
2222,4
2223,5
2224,3
2225,2
2226,5
2227,5
2228,5
2229,2
2230,2
2231,3
2232,5
2233,5
2234,2
2235,5
2236,1
2237,2
2238,3
2239,2
2240,2
2241,2
2242,3
2243,1
2244,4
2245,3
2246,5
2247,4
2248,2
2249,4
2250,4
2251,2
2252,4
2253,2
2254,3
2255,3
2256,3
2257,6
2258,5
2259,5
2260,5
2261,2
2262,5
2263,3
2264,4
2265,2
2266,4
2267,3
2268,2
2269,2
2270,5
2271,4
2272,4
2273,3
2274,6
2275,3
2276,4
2277,3
2278,4
2279,2
2280,2
2281,4
2282,1
2283,6
2284,4
2285,6
2286,4
2287,3
2288,2
2289,4
2290,2
2291,4
2292,4
2293,4
2294,5
2295,4
2296,6
2297,3
2298,3
2299,2
2300,3
2301,2
2302,4
2303,5
2304,3
2305,4
2306,2
2307,2
2308,3
2309,4
2310,1
2311,4
2312,3
2313,2
2314,4
2315,4
2316,4
2317,2
2318,4
2319,3
2320,2
2321,4
2322,3
2323,4
2324,5
2325,3
2326,2
2327,2
2328,1
2329,4
2330,4
2331,2
2332,4
2333,1
2334,4
2335,2
2336,2
2337,4
2338,4
2339,2
2340,6
2341,1
2342,2
2343,1
2344,4
2345,4
2346,4
2347,4
2348,5
2349,2
2350,4
2351,4
2352,3
2353,6
2354,3
2355,3
2356,1
2357,1
2358,3
2359,1
2360,4
2361,2
2362,4
2363,4
2364,4
2365,3
2366,2
2367,3
2368,3
2369,2
2370,2
2371,2
2372,2
2373,4
2374,2
2375,2
2376,4
2377,1
2378,5
2379,4
2380,2
2381,4
2382,5
2383,1
2384,6
2385,3
2386,5
2387,4
2388,5
2389,2
2390,2
2391,2
2392,1
2393,1
2394,4
2395,2
2396,4
2397,4
2398,5
2399,4
2400,2
2401,3
2402,2
2403,2
2404,5
2405,3
2406,4
2407,4
2408,4
2409,4
2410,4
2411,4
2412,2
2413,2
2414,3
2415,4
2416,2
2417,4
2418,3
2419,2
2420,1
2421,3
2422,4
2423,3
2424,2
2425,6
2426,2
2427,2
2428,3
2429,4
2430,1
2431,4
2432,3
2433,4
2434,2
2435,1
2436,4
2437,2
2438,2
2439,2
2440,3
2441,2
2442,2
2443,4
2444,3
2445,4
2446,2
2447,3
2448,2
2449,3
2450,3
2451,1
2452,3
2453,1
2454,3
2455,2
2456,2
2457,4
2458,3
2459,3
2460,6
2461,1
2462,3
2463,2
2464,3
2465,2
2466,4
2467,2
2468,3
2469,2
2470,4
2471,2
2472,3
2473,2
2474,3
2475,2
2476,4
2477,3
2478,1
2479,1
2480,4
2481,2
2482,4
2483,4
2484,1
2485,2
2486,5
2487,3
2488,4
2489,4
2490,3
2491,3
2492,4
2493,2
2494,4
2495,6
2496,5
2497,4
2498,3
2499,3
2500,2
2501,3
2502,4
2503,6
2504,4
2505,3
2506,4
2507,3
2508,3
2509,4
2510,2
2511,2
2512,5
2513,4
2514,5
2515,5
2516,3
2517,2
2518,3
2519,3
2520,3
2521,2
2522,2
2523,2
2524,5
2525,3
2526,4
2527,6
2528,5
2529,2
2530,4
2531,4
2532,5
2533,2
2534,5
2535,3
2536,1
2537,3
2538,2
2539,3
2540,3
2541,4
2542,4
2543,4
2544,4
2545,5
2546,3
2547,5
2548,1
2549,2
2550,3
2551,4
2552,3
2553,2
2554,1
2555,2
2556,2
2557,2
2558,5
2559,3
2560,5
2561,3
2562,1
2563,3
2564,1
2565,3
2566,3
2567,2
2568,3
2569,2
2570,3
2571,4
2572,2
2573,3
2574,2
2575,5
2576,5
2577,3
2578,2
2579,2
2580,4
2581,2
2582,5
2583,3
2584,3
2585,4
2586,2
2587,4
2588,4
2589,4
2590,2
2591,3
2592,5
2593,6
2594,5
2595,6
2596,4
2597,6
2598,3
2599,4
2600,2
2601,3
2602,4
2603,3
2604,4
2605,4
2606,5
2607,3
2608,4
2609,3
2610,5
2611,4
2612,3
2613,4
2614,4
2615,3
2616,2
2617,3
2618,3
2619,4
2620,4
2621,2
2622,1
2623,4
2624,3
2625,6
2626,2
2627,4
2628,2
2629,4
2630,3
2631,2
2632,3
2633,2
2634,3
2635,4
2636,4
2637,6
2638,2
2639,3
2640,4
2641,5
2642,3
2643,2
2644,6
2645,4
2646,1
2647,1
2648,2
2649,2
2650,4
2651,5
2652,3
2653,3
2654,6
2655,3
2656,2
2657,4
2658,3
2659,5
2660,3
2661,6
2662,3
2663,5
2664,3
2665,1
2666,4
2667,4
2668,3
2669,4
2670,1
2671,4
2672,6
2673,3
2674,3
2675,3
2676,4
2677,3
2678,1
2679,3
2680,3
2681,1
2682,4
2683,2
2684,3
2685,4
2686,2
2687,4
2688,2
2689,3
2690,3
2691,4
2692,4
2693,3
2694,3
2695,2
2696,3
2697,2
2698,4
2699,4
2700,4
2701,3
2702,4
2703,2
2704,4
2705,4
2706,4
2707,1
2708,3
2709,4
2710,2
2711,2
2712,2
2713,6
2714,3
2715,4
2716,4
2717,6
2718,3
2719,2
2720,6
2721,2
2722,6
2723,5
2724,3
2725,4
2726,4
2727,4
2728,1
2729,2
2730,3
2731,4
2732,3
2733,3
2734,2
2735,3
2736,6
2737,2
2738,5
2739,3
2740,2
2741,4
2742,3
2743,4
2744,4
2745,4
2746,6
2747,3
2748,2
2749,4
2750,4
2751,4
2752,3
2753,3
2754,5
2755,3
2756,2
2757,2
2758,4
2759,4
2760,4
2761,2
2762,2
2763,4
2764,3
2765,4
2766,1
2767,3
2768,5
2769,2
2770,5
2771,4
2772,2
2773,3
2774,2
2775,4
2776,3
2777,1
2778,6
2779,3
2780,1
2781,6
2782,2
2783,3
2784,3
2785,2
2786,1
2787,3
2788,4
2789,2
2790,3
2791,5
2792,4
2793,4
2794,2
2795,4
2796,4
2797,4
2798,6
2799,4
2800,2
2801,1
2802,3
2803,3
2804,3
2805,3
2806,5
2807,3
2808,2
2809,1
2810,2
2811,3
2812,3
2813,3
2814,3
2815,4
2816,6
2817,2
2818,1
2819,3
2820,4
2821,2
2822,5
2823,3
2824,6
2825,5
2826,2
2827,2
2828,3
2829,2
2830,3
2831,2
2832,3
2833,3
2834,3
2835,1
2836,4
2837,2
2838,4
2839,1
2840,4
2841,2
2842,2
2843,2
2844,1
2845,3
2846,3
2847,1
2848,4
2849,2
2850,2
2851,4
2852,2
2853,3
2854,2
2855,4
2856,3
2857,5
2858,4
2859,2
2860,3
2861,4
2862,4
2863,1
2864,4
2865,5
2866,2
2867,6
2868,2
2869,4
2870,4
2871,3
2872,4
2873,4
2874,2
2875,1
2876,2
2877,3
2878,6
2879,5
2880,2
2881,6
2882,4
2883,1
2884,3
2885,6
2886,5
2887,3
2888,4
2889,5
2890,4
2891,4
2892,2
2893,3
2894,4
2895,3
2896,2
2897,4
2898,2
2899,3
2900,2
2901,2
2902,3
2903,2
2904,5
2905,3
2906,4
2907,4
2908,3
2909,3
2910,3
2911,3
2912,2
2913,6
2914,3
2915,4
2916,5
2917,5
2918,3
2919,4
2920,5
2921,2
2922,4
2923,5
2924,2
2925,4
2926,4
2927,2
2928,3
2929,6
2930,1
2931,2
2932,6
2933,2
2934,3
2935,3
2936,2
2937,3
2938,1
2939,4
2940,3
2941,4
2942,2
2943,2
2944,6
2945,3
2946,2
2947,3
2948,5
2949,2
2950,4
2951,1
2952,3
2953,2
2954,2
2955,3
2956,5
2957,5
2958,2
2959,4
2960,2
2961,5
2962,6
2963,4
2964,3
2965,3
2966,1
2967,4
2968,6
2969,2
2970,4
2971,2
2972,3
2973,6
2974,5
2975,4
2976,4
2977,2
2978,3
2979,1
2980,3
2981,2
2982,1
2983,3
2984,2
2985,2
2986,4
2987,2
2988,3
2989,4
2990,5
2991,2
2992,3
2993,4
2994,5
2995,1
2996,3
2997,2
2998,4
2999,3
3000,3
3001,4
3002,3
3003,4
3004,3
3005,2
3006,4
3007,2
3008,2
3009,4
3010,1
3011,3
3012,2
3013,4
3014,2
3015,4
3016,4
3017,4
3018,5
3019,4
3020,3
3021,2
3022,3
3023,4
3024,5
3025,5
3026,1
3027,4
3028,3
3029,3
3030,4
3031,5
3032,2
3033,2
3034,4
3035,3
3036,3
3037,5
3038,4
3039,4
3040,3
3041,2
3042,3
3043,4
3044,3
3045,4
3046,4
3047,6
3048,1
3049,6
3050,4
3051,2
3052,5
3053,5
3054,2
3055,3
3056,3
3057,3
3058,3
3059,3
3060,1
3061,5
3062,4
3063,4
3064,5
3065,3
3066,4
3067,3
3068,2
3069,5
3070,5
3071,4
3072,4
3073,4
3074,3
3075,4
3076,4
3077,3
3078,1
3079,2
3080,2
3081,4
3082,5
3083,5
3084,2
3085,3
3086,4
3087,4
3088,2
3089,3
3090,3
3091,6
3092,2
3093,4
3094,2
3095,3
3096,1
3097,2
3098,1
3099,4
3100,3
3101,4
3102,6
3103,2
3104,2
3105,5
3106,2
3107,1
3108,2
3109,2
3110,5
3111,5
3112,3
3113,4
3114,5
3115,1
3116,2
3117,5
3118,3
3119,4
3120,1
3121,3
3122,5
3123,3
3124,4
3125,4
3126,1
3127,4
3128,6
3129,6
3130,3
3131,4
3132,1
3133,3
3134,5
3135,3
3136,2
3137,4
3138,1
3139,4
3140,3
3141,3
3142,3
3143,4
3144,2
3145,3
3146,2
3147,2
3148,3
3149,3
3150,5
3151,4
3152,4
3153,4
3154,2
3155,2
3156,2
3157,5
3158,3
3159,6
3160,6
3161,2
3162,4
3163,4
3164,4
3165,3
3166,4
3167,4
3168,2
3169,2
3170,3
3171,2
3172,3
3173,4
3174,4
3175,2
3176,1
3177,6
3178,3
3179,4
3180,3
3181,4
3182,6
3183,2
3184,4
3185,4
3186,2
3187,2
3188,1
3189,2
3190,3
3191,3
3192,4
3193,2
3194,4
3195,5
3196,4
3197,2
3198,4
3199,4
3200,2
3201,3
3202,3
3203,3
3204,2
3205,2
3206,3
3207,4
3208,2
3209,3
3210,4
3211,2
3212,3
3213,3
3214,5
3215,4
3216,1
3217,3
3218,5
3219,4
3220,2
3221,1
3222,3
3223,4
3224,1
3225,4
3226,5
3227,4
3228,4
3229,4
3230,3
3231,3
3232,2
3233,3
3234,6
3235,3
3236,2
3237,3
3238,1
3239,3
3240,1
3241,3
3242,3
3243,4
3244,4
3245,3
3246,2
3247,4
3248,2
3249,3
3250,2
3251,3
3252,4
3253,5
3254,3
3255,5
3256,3
3257,3
3258,2
3259,3
3260,3
3261,2
3262,2
3263,3
3264,4
3265,2
3266,2
3267,3
3268,2
3269,2
3270,5
3271,4
3272,2
3273,2
3274,3
3275,2
3276,4
3277,2
3278,3
3279,5
3280,5
3281,2
3282,1
3283,4
3284,3
3285,4
3286,6
3287,4
3288,2
3289,6
3290,2
3291,3
3292,4
3293,2
3294,5
3295,4
3296,4
3297,4
3298,4
3299,5
3300,3
3301,2
3302,3
3303,2
3304,6
3305,3
3306,6
3307,3
3308,4
3309,2
3310,3
3311,4
3312,4
3313,3
3314,3
3315,3
3316,4
3317,4
3318,4
3319,2
3320,5
3321,3
3322,3
3323,3
3324,3
3325,4
3326,3
3327,1
3328,2
3329,4
3330,2
3331,3
3332,2
3333,6
3334,4
3335,3
3336,2
3337,4
3338,3
3339,5
3340,4
3341,2
3342,3
3343,3
3344,2
3345,1
3346,6
3347,3
3348,6
3349,4
3350,2
3351,3
3352,3
3353,3
3354,2
3355,4
3356,2
3357,3
3358,2
3359,4
3360,3
3361,2
3362,3
3363,2
3364,4
3365,3
3366,5
3367,4
3368,5
3369,6
3370,2
3371,1
3372,4
3373,4
3374,3
3375,4
3376,4
3377,3
3378,3
3379,4
3380,5
3381,2
3382,1
3383,2
3384,3
3385,6
3386,4
3387,4
3388,2
3389,3
3390,4
3391,3
3392,4
3393,1
3394,2
3395,1
3396,4
3397,3
3398,3
3399,2
3400,3
3401,5
3402,5
3403,1
3404,4
3405,2
3406,4
3407,4
3408,6
3409,3
3410,3
3411,3
3412,4
3413,4
3414,1
3415,2
3416,1
3417,3
3418,3
3419,2
3420,2
3421,4
3422,3
3423,2
3424,3
3425,3
3426,3
3427,2
3428,4
3429,5
3430,2
3431,3
3432,1
3433,5
3434,2
3435,4
3436,3
3437,2
3438,1
3439,3
3440,3
3441,2
3442,3
3443,3
3444,1
3445,2
3446,2
3447,4
3448,4
3449,1
3450,4
3451,2
3452,2
3453,4
3454,4
3455,2
3456,2
3457,2
3458,4
3459,2
3460,5
3461,2
3462,2
3463,4
3464,6
3465,4
3466,4
3467,5
3468,3
3469,5
3470,3
3471,2
3472,4
3473,4
3474,3
3475,3
3476,4
3477,3
3478,6
3479,4
3480,3
3481,4
3482,2
3483,4
3484,2
3485,2
3486,4
3487,2
3488,4
3489,1
3490,2
3491,4
3492,2
3493,2
3494,3
3495,2
3496,5
3497,1
3498,1
3499,6
3500,3
3501,2
3502,2
3503,3
3504,5
3505,3
3506,4
3507,3
3508,4
3509,3
3510,4
3511,4
3512,2
3513,1
3514,2
3515,2
3516,3
3517,6
3518,3
3519,4
3520,1
3521,2
3522,4
3523,1
3524,1
3525,4
3526,4
3527,2
3528,3
3529,3
3530,4
3531,3
3532,2
3533,3
3534,4
3535,3
3536,3
3537,2
3538,3
3539,4
3540,2
3541,2
3542,3
3543,2
3544,3
3545,5
3546,1
3547,3
3548,4
3549,4
3550,5
3551,4
3552,3
3553,3
3554,4
3555,2
3556,4
3557,2
3558,4
3559,3
3560,3
3561,4
3562,1
3563,2
3564,4
3565,3
3566,2
3567,4
3568,3
3569,4
3570,4
3571,1
3572,6
3573,5
3574,4
3575,2
3576,4
3577,6
3578,2
3579,4
3580,5
3581,5
3582,2
3583,3
3584,4
3585,5
3586,4
3587,2
3588,4
3589,4
3590,6
3591,2
3592,4
3593,4
3594,4
3595,4
3596,4
3597,4
3598,1
3599,2
3600,3
3601,5
3602,4
3603,1
3604,3
3605,5
3606,3
3607,3
3608,3
3609,2
3610,2
3611,4
3612,3
3613,5
3614,5
3615,3
3616,4
3617,2
3618,3
3619,2
3620,2
3621,5
3622,3
3623,3
3624,3
3625,2
3626,2
3627,4
3628,5
3629,5
3630,4
3631,4
3632,5
3633,3
3634,3
3635,3
3636,5
3637,4
3638,5
3639,3
3640,4
3641,2
3642,2
3643,2
3644,2
3645,4
3646,1
3647,2
3648,4
3649,6
3650,1
3651,4
3652,3
3653,2
3654,3
3655,5
3656,4
3657,3
3658,5
3659,3
3660,6
3661,2
3662,3
3663,3
3664,4
3665,6
3666,1
3667,4
3668,5
3669,2
3670,4
3671,4
3672,6
3673,1
3674,2
3675,4
3676,2
3677,4
3678,4
3679,2
3680,4
3681,3
3682,2
3683,4
3684,3
3685,4
3686,2
3687,5
3688,4
3689,3
3690,2
3691,3
3692,6
3693,3
3694,5
3695,5
3696,2
3697,1
3698,4
3699,4
3700,6
3701,3
3702,4
3703,3
3704,2
3705,4
3706,6
3707,2
3708,1
3709,4
3710,4
3711,4
3712,1
3713,2
3714,2
3715,1
3716,4
3717,3
3718,2
3719,4
3720,2
3721,6
3722,2
3723,2
3724,2
3725,5
3726,2
3727,4
3728,3
3729,5
3730,4
3731,2
3732,4
3733,2
3734,4
3735,2
3736,2
3737,4
3738,2
3739,4
3740,2
3741,1
3742,4
3743,2
3744,2
3745,4
3746,4
3747,4
3748,3
3749,4
3750,3
3751,4
3752,4
3753,3
3754,4
3755,2
3756,2
3757,3
3758,4
3759,4
3760,2
3761,3
3762,1
3763,2
3764,1
3765,3
3766,4
3767,4
3768,2
3769,4
3770,2
3771,6
3772,3
3773,4
3774,3
3775,5
3776,3
3777,5
3778,2
3779,3
3780,3
3781,4
3782,4
3783,4
3784,1
3785,5
3786,2
3787,3
3788,4
3789,1
3790,3
3791,1
3792,2
3793,3
3794,3
3795,1
3796,2
3797,3
3798,4
3799,3
3800,3
3801,2
3802,4
3803,4
3804,4
3805,2
3806,4
3807,4
3808,2
3809,3
3810,3
3811,2
3812,4
3813,3
3814,6
3815,2
3816,6
3817,3
3818,4
3819,4
3820,5
3821,1
3822,3
3823,2
3824,2
3825,2
3826,2
3827,1
3828,3
3829,4
3830,6
3831,3
3832,4
3833,4
3834,4
3835,3
3836,5
3837,2
3838,1
3839,4
3840,4
3841,3
3842,3
3843,3
3844,3
3845,3
3846,4
3847,2
3848,3
3849,5
3850,5
3851,2
3852,4
3853,3
3854,3
3855,5
3856,4
3857,4
3858,1
3859,2
3860,4
3861,4
3862,4
3863,2
3864,5
3865,3
3866,2
3867,2
3868,3
3869,1
3870,4
3871,4
3872,6
3873,2
3874,3
3875,4
3876,5
3877,3
3878,2
3879,4
3880,2
3881,2
3882,4
3883,4
3884,1
3885,5
3886,4
3887,4
3888,1
3889,4
3890,2
3891,2
3892,3
3893,2
3894,4
3895,4
3896,4
3897,1
3898,2
3899,4
3900,4
3901,4
3902,4
3903,2
3904,4
3905,2
3906,5
3907,4
3908,3
3909,4
3910,5
3911,2
3912,5
3913,3
3914,1
3915,5
3916,2
3917,2
3918,4
3919,4
3920,5
3921,5
3922,6
3923,1
3924,3
3925,1
3926,3
3927,4
3928,4
3929,4
3930,3
3931,1
3932,2
3933,3
3934,4
3935,4
3936,2
3937,4
3938,5
3939,1
3940,2
3941,3
3942,4
3943,2
3944,4
3945,3
3946,4
3947,3
3948,4
3949,1
3950,2
3951,3
3952,3
3953,4
3954,2
3955,4
3956,1
3957,4
3958,5
3959,3
3960,3
3961,4
3962,3
3963,3
3964,4
3965,2
3966,4
3967,4
3968,3
3969,2
3970,3
3971,4
3972,3
3973,2
3974,2
3975,5
3976,2
3977,2
3978,2
3979,5
3980,3
3981,4
3982,1
3983,5
3984,2
3985,4
3986,4
3987,3
3988,4
3989,5
3990,5
3991,1
3992,3
3993,3
3994,4
3995,2
3996,3
3997,4
3998,2
3999,5
4000,3
4001,3
4002,4
4003,6
4004,2
4005,4
4006,3
4007,4
4008,2
4009,2
4010,3
4011,3
4012,2
4013,1
4014,4
4015,3
4016,2
4017,1
4018,4
4019,4
4020,2
4021,1
4022,6
4023,5
4024,2
4025,5
4026,3
4027,3
4028,3
4029,2
4030,1
4031,3
4032,2
4033,4
4034,2
4035,3
4036,3
4037,6
4038,5
4039,6
4040,4
4041,3
4042,3
4043,4
4044,4
4045,3
4046,3
4047,3
4048,3
4049,5
4050,2
4051,6
4052,4
4053,3
4054,3
4055,2
4056,4
4057,2
4058,3
4059,2
4060,5
4061,1
4062,4
4063,2
4064,5
4065,3
4066,2
4067,4
4068,4
4069,1
4070,2
4071,5
4072,4
4073,3
4074,5
4075,4
4076,4
4077,4
4078,6
4079,3
4080,3
4081,3
4082,2
4083,4
4084,3
4085,3
4086,3
4087,3
4088,4
4089,2
4090,2
4091,2
4092,3
4093,4
4094,3
4095,2
4096,4
4097,1
4098,2
4099,2
4100,2
4101,1
4102,5
4103,3
4104,4
4105,3
4106,5
4107,6
4108,4
4109,3
4110,4
4111,3
4112,2
4113,5
4114,5
4115,2
4116,1
4117,4
4118,5
4119,4
4120,4
4121,4
4122,5
4123,6
4124,2
4125,3
4126,4
4127,3
4128,6
4129,2
4130,1
4131,5
4132,2
4133,4
4134,3
4135,2
4136,5
4137,5
4138,5
4139,3
4140,5
4141,4
4142,1
4143,2
4144,4
4145,2
4146,4
4147,5
4148,2
4149,4
4150,2
4151,5
4152,5
4153,3
4154,4
4155,2
4156,2
4157,1
4158,2
4159,3
4160,2
4161,4
4162,3
4163,2
4164,5
4165,4
4166,2
4167,1
4168,4
4169,3
4170,1
4171,4
4172,2
4173,4
4174,4
4175,2
4176,5
4177,5
4178,2
4179,1
4180,4
4181,2
4182,3
4183,3
4184,5
4185,1
4186,2
4187,4
4188,4
4189,2
4190,4
4191,3
4192,6
4193,3
4194,2
4195,5
4196,5
4197,2
4198,3
4199,4
4200,2
4201,3
4202,4
4203,5
4204,4
4205,3
4206,3
4207,5
4208,3
4209,4
4210,4
4211,4
4212,4
4213,2
4214,4
4215,1
4216,4
4217,3
4218,2
4219,3
4220,4
4221,3
4222,6
4223,4
4224,4
4225,5
4226,4
4227,2
4228,4
4229,2
4230,4
4231,4
4232,1
4233,3
4234,2
4235,4
4236,2
4237,2
4238,3
4239,3
4240,4
4241,4
4242,4
4243,3
4244,2
4245,3
4246,3
4247,1
4248,6
4249,1
4250,2
4251,6
4252,2
4253,3
4254,5
4255,6
4256,6
4257,3
4258,2
4259,5
4260,4
4261,4
4262,4
4263,3
4264,4
4265,5
4266,1
4267,1
4268,4
4269,4
4270,6
4271,2
4272,3
4273,2
4274,2
4275,2
4276,2
4277,2
4278,4
4279,5
4280,3
4281,5
4282,4
4283,5
4284,2
4285,6
4286,4
4287,1
4288,3
4289,1
4290,2
4291,3
4292,6
4293,3
4294,2
4295,4
4296,1
4297,3
4298,3
4299,5
4300,1
4301,6
4302,4
4303,2
4304,3
4305,2
4306,1
4307,3
4308,3
4309,5
4310,4
4311,2
4312,2
4313,3
4314,3
4315,2
4316,4
4317,4
4318,5
4319,2
4320,4
4321,3
4322,3
4323,1
4324,2
4325,2
4326,6
4327,2
4328,2
4329,1
4330,4
4331,2
4332,3
4333,4
4334,2
4335,6
4336,6
4337,3
4338,4
4339,6
4340,2
4341,5
4342,1
4343,2
4344,4
4345,3
4346,2
4347,6
4348,4
4349,3
4350,4
4351,5
4352,1
4353,2
4354,2
4355,2
4356,1
4357,4
4358,2
4359,4
4360,4
4361,3
4362,4
4363,4
4364,2
4365,4
4366,5
4367,2
4368,2
4369,5
4370,4
4371,2
4372,2
4373,4
4374,2
4375,4
4376,4
4377,3
4378,2
4379,3
4380,2
4381,2
4382,4
4383,4
4384,2
4385,1
4386,5
4387,5
4388,5
4389,3
4390,1
4391,4
4392,2
4393,3
4394,4
4395,4
4396,2
4397,2
4398,4
4399,6
4400,2
4401,4
4402,4
4403,1
4404,2
4405,5
4406,3
4407,4
4408,3
4409,4
4410,2
4411,3
4412,1
4413,2
4414,2
4415,3
4416,2
4417,3
4418,4
4419,5
4420,3
4421,2
4422,4
4423,3
4424,2
4425,4
4426,3
4427,2
4428,2
4429,4
4430,4
4431,3
4432,3
4433,3
4434,4
4435,2
4436,4
4437,3
4438,3
4439,2
4440,5
4441,2
4442,4
4443,3
4444,1
4445,5
4446,6
4447,3
4448,3
4449,4
4450,4
4451,4
4452,4
4453,4
4454,3
4455,4
4456,5
4457,4
4458,2
4459,2
4460,3
4461,3
4462,4
4463,4
4464,3
4465,2
4466,2
4467,2
4468,3
4469,4
4470,4
4471,6
4472,3
4473,2
4474,3
4475,2
4476,1
4477,4
4478,2
4479,5
4480,4
4481,4
4482,2
4483,3
4484,4
4485,4
4486,3
4487,2
4488,3
4489,3
4490,3
4491,4
4492,4
4493,3
4494,2
4495,4
4496,2
4497,3
4498,2
4499,4
4500,5
4501,6
4502,2
4503,4
4504,5
4505,2
4506,5
4507,3
4508,1
4509,4
4510,2
4511,2
4512,3
4513,1
4514,4
4515,2
4516,2
4517,3
4518,3
4519,6
4520,3
4521,4
4522,3
4523,2
4524,4
4525,2
4526,2
4527,2
4528,2
4529,2
4530,3
4531,4
4532,3
4533,6
4534,2
4535,4
4536,5
4537,4
4538,6
4539,3
4540,4
4541,3
4542,1
4543,4
4544,3
4545,2
4546,4
4547,4
4548,4
4549,3
4550,2
4551,6
4552,2
4553,5
4554,4
4555,1
4556,3
4557,4
4558,4
4559,3
4560,2
4561,4
4562,2
4563,5
4564,2
4565,2
4566,3
4567,1
4568,1
4569,6
4570,3
4571,4
4572,2
4573,3
4574,5
4575,4
4576,1
4577,3
4578,2
4579,6
4580,1
4581,2
4582,5
4583,5
4584,2
4585,1
4586,6
4587,1
4588,6
4589,4
4590,2
4591,3
4592,2
4593,2
4594,5
4595,4
4596,6
4597,2
4598,2
4599,2
4600,6
4601,2
4602,2
4603,3
4604,3
4605,4
4606,4
4607,5
4608,3
4609,4
4610,6
4611,3
4612,5
4613,3
4614,5
4615,5
4616,3
4617,4
4618,4
4619,2
4620,4
4621,6
4622,4
4623,6
4624,2
4625,4
4626,3
4627,3
4628,3
4629,4
4630,2
4631,3
4632,3
4633,5
4634,2
4635,2
4636,4
4637,2
4638,1
4639,3
4640,2
4641,4
4642,3
4643,4
4644,2
4645,1
4646,3
4647,2
4648,6
4649,6
4650,2
4651,4
4652,5
4653,5
4654,2
4655,3
4656,3
4657,3
4658,5
4659,3
4660,4
4661,1
4662,2
4663,3
4664,6
4665,3
4666,2
4667,4
4668,3
4669,4
4670,4
4671,3
4672,1
4673,3
4674,4
4675,2
4676,3
4677,5
4678,2
4679,4
4680,4
4681,4
4682,1
4683,2
4684,1
4685,5
4686,3
4687,5
4688,4
4689,3
4690,5
4691,2
4692,4
4693,3
4694,4
4695,3
4696,5
4697,2
4698,1
4699,4
4700,2
4701,1
4702,4
4703,4
4704,2
4705,3
4706,5
4707,3
4708,3
4709,4
4710,4
4711,3
4712,2
4713,3
4714,5
4715,4
4716,6
4717,3
4718,5
4719,4
4720,4
4721,3
4722,4
4723,2
4724,3
4725,2
4726,4
4727,3
4728,4
4729,2
4730,3
4731,6
4732,5
4733,3
4734,3
4735,3
4736,4
4737,1
4738,3
4739,6
4740,1
4741,5
4742,3
4743,2
4744,4
4745,3
4746,3
4747,6
4748,1
4749,3
4750,2
4751,5
4752,3
4753,5
4754,2
4755,3
4756,4
4757,3
4758,4
4759,3
4760,4
4761,2
4762,5
4763,3
4764,1
4765,5
4766,2
4767,2
4768,4
4769,4
4770,6
4771,2
4772,3
4773,2
4774,2
4775,4
4776,3
4777,3
4778,4
4779,3
4780,4
4781,4
4782,6
4783,2
4784,3
4785,4
4786,5
4787,2
4788,3
4789,5
4790,4
4791,2
4792,2
4793,3
4794,4
4795,5
4796,2
4797,4
4798,2
4799,2
4800,3
4801,2
4802,2
4803,3
4804,2
4805,6
4806,2
4807,6
4808,3
4809,5
4810,2
4811,3
4812,4
4813,1
4814,3
4815,4
4816,5
4817,4
4818,6
4819,3
4820,5
4821,3
4822,4
4823,3
4824,2
4825,1
4826,6
4827,4
4828,4
4829,2
4830,4
4831,3
4832,4
4833,5
4834,4
4835,4
4836,3
4837,4
4838,4
4839,3
4840,2
4841,3
4842,4
4843,5
4844,2
4845,2
4846,1
4847,4
4848,6
4849,2
4850,5
4851,3
4852,3
4853,4
4854,2
4855,3
4856,2
4857,3
4858,1
4859,5
4860,2
4861,3
4862,2
4863,5
4864,1
4865,2
4866,4
4867,3
4868,2
4869,1
4870,6
4871,3
4872,1
4873,4
4874,4
4875,3
4876,4
4877,3
4878,4
4879,4
4880,4
4881,4
4882,5
4883,3
4884,3
4885,6
4886,2
4887,2
4888,1
4889,6
4890,2
4891,4
4892,5
4893,4
4894,6
4895,3
4896,3
4897,5
4898,3
4899,3
4900,2
4901,5
4902,2
4903,3
4904,4
4905,4
4906,4
4907,3
4908,3
4909,4
4910,2
4911,4
4912,3
4913,6
4914,5
4915,2
4916,3
4917,3
4918,4
4919,3
4920,4
4921,2
4922,3
4923,6
4924,4
4925,5
4926,3
4927,2
4928,1
4929,3
4930,3
4931,3
4932,3
4933,4
4934,4
4935,3
4936,2
4937,3
4938,1
4939,2
4940,3
4941,3
4942,4
4943,1
4944,2
4945,4
4946,4
4947,5
4948,3
4949,4
4950,2
4951,1
4952,1
4953,4
4954,2
4955,6
4956,3
4957,5
4958,3
4959,3
4960,1
4961,2
4962,4
4963,3
4964,6
4965,2
4966,3
4967,4
4968,5
4969,1
4970,3
4971,6
4972,3
4973,5
4974,6
4975,4
4976,3
4977,2
4978,4
4979,2
4980,3
4981,6
4982,5
4983,3
4984,3
4985,4
4986,6
4987,4
4988,4
4989,2
4990,3
4991,2
4992,3
4993,3
4994,4
4995,2
4996,4
4997,4
4998,2
4999,6
5000,4
5001,2
5002,4
5003,2
5004,3
5005,3
5006,6
5007,2
5008,6
5009,4
5010,1
5011,4
5012,3
5013,4
5014,3
5015,4
5016,2
5017,4
5018,4
5019,2
5020,3
5021,4
5022,2
5023,4
5024,3
5025,4
5026,3
5027,3
5028,6
5029,2
5030,4
5031,4
5032,2
5033,3
5034,5
5035,3
5036,5
5037,4
5038,4
5039,4
5040,3
5041,2
5042,6
5043,4
5044,1
5045,3
5046,4
5047,3
5048,3
5049,2
5050,5
5051,2
5052,4
5053,4
5054,1
5055,4
5056,6
5057,4
5058,2
5059,1
5060,3
5061,4
5062,3
5063,3
5064,2
5065,5
5066,4
5067,4
5068,6
5069,2
5070,1
5071,4
5072,3
5073,1
5074,2
5075,3
5076,2
5077,4
5078,2
5079,4
5080,4
5081,3
5082,4
5083,2
5084,1
5085,2
5086,3
5087,3
5088,4
5089,3
5090,4
5091,3
5092,3
5093,3
5094,4
5095,3
5096,2
5097,2
5098,2
5099,2
5100,4
5101,4
5102,2
5103,4
5104,5
5105,4
5106,5
5107,4
5108,2
5109,6
5110,1
5111,3
5112,1
5113,3
5114,2
5115,2
5116,4
5117,4
5118,5
5119,6
5120,1
5121,4
5122,2
5123,4
5124,3
5125,1
5126,3
5127,6
5128,3
5129,4
5130,1
5131,4
5132,2
5133,5
5134,3
5135,6
5136,3
5137,5
5138,3
5139,3
5140,3
5141,4
5142,4
5143,3
5144,4
5145,6
5146,4
5147,4
5148,4
5149,2
5150,2
5151,5
5152,3
5153,4
5154,3
5155,2
5156,1
5157,3
5158,2
5159,3
5160,4
5161,2
5162,4
5163,5
5164,2
5165,6
5166,4
5167,1
5168,2
5169,2
5170,2
5171,6
5172,2
5173,4
5174,2
5175,4
5176,3
5177,2
5178,3
5179,4
5180,3
5181,4
5182,4
5183,4
5184,4
5185,3
5186,5
5187,4
5188,4
5189,4
5190,4
5191,4
5192,4
5193,5
5194,2
5195,6
5196,2
5197,1
5198,4
5199,3
5200,4
5201,3
5202,3
5203,4
5204,3
5205,4
5206,3
5207,5
5208,4
5209,2
5210,4
5211,5
5212,2
5213,2
5214,4
5215,3
5216,3
5217,2
5218,3
5219,3
5220,3
5221,4
5222,4
5223,3
5224,3
5225,3
5226,3
5227,6
5228,5
5229,4
5230,3
5231,2
5232,4
5233,4
5234,3
5235,4
5236,5
5237,3
5238,4
5239,4
5240,5
5241,2
5242,2
5243,1
5244,2
5245,6
5246,2
5247,3
5248,3
5249,3
5250,6
5251,4
5252,1
5253,4
5254,4
5255,3
5256,1
5257,3
5258,4
5259,4
5260,4
5261,3
5262,2
5263,5
5264,2
5265,2
5266,4
5267,1
5268,4
5269,4
5270,4
5271,1
5272,2
5273,5
5274,6
5275,4
5276,3
5277,4
5278,4
5279,3
5280,4
5281,4
5282,4
5283,2
5284,3
5285,1
5286,3
5287,3
5288,2
5289,2
5290,2
5291,5
5292,3
5293,3
5294,1
5295,5
5296,3
5297,2
5298,4
5299,3
5300,4
5301,4
5302,2
5303,3
5304,2
5305,4
5306,3
5307,3
5308,2
5309,2
5310,4
5311,3
5312,4
5313,6
5314,2
5315,3
5316,4
5317,4
5318,5
5319,3
5320,1
5321,2
5322,2
5323,4
5324,3
5325,4
5326,2
5327,4
5328,4
5329,4
5330,4
5331,2
5332,5
5333,4
5334,4
5335,5
5336,5
5337,4
5338,4
5339,5
5340,1
5341,5
5342,1
5343,2
5344,2
5345,6
5346,1
5347,5
5348,4
5349,3
5350,3
5351,3
5352,2
5353,3
5354,2
5355,3
5356,4
5357,4
5358,4
5359,2
5360,4
5361,4
5362,4
5363,2
5364,4
5365,3
5366,2
5367,4
5368,3
5369,2
5370,3
5371,2
5372,3
5373,5
5374,6
5375,4
5376,6
5377,2
5378,6
5379,1
5380,4
5381,4
5382,4
5383,4
5384,2
5385,1
5386,5
5387,3
5388,6
5389,2
5390,4
5391,1
5392,3
5393,4
5394,3
5395,4
5396,5
5397,2
5398,4
5399,3
5400,2
5401,2
5402,3
5403,4
5404,2
5405,2
5406,2
5407,2
5408,5
5409,4
5410,1
5411,6
5412,2
5413,3
5414,4
5415,4
5416,5
5417,2
5418,5
5419,3
5420,1
5421,3
5422,2
5423,3
5424,4
5425,2
5426,3
5427,3
5428,4
5429,4
5430,2
5431,5
5432,3
5433,6
5434,5
5435,3
5436,4
5437,2
5438,4
5439,2
5440,4
5441,1
5442,6
5443,3
5444,2
5445,4
5446,3
5447,3
5448,6
5449,3
5450,2
5451,5
5452,4
5453,4
5454,2
5455,4
5456,4
5457,4
5458,4
5459,3
5460,2
5461,6
5462,4
5463,4
5464,3
5465,2
5466,2
5467,3
5468,4
5469,2
5470,4
5471,4
5472,3
5473,3
5474,1
5475,4
5476,6
5477,1
5478,4
5479,4
5480,2
5481,3
5482,2
5483,3
5484,3
5485,2
5486,4
5487,3
5488,3
5489,2
5490,3
5491,4
5492,2
5493,4
5494,3
5495,1
5496,5
5497,6
5498,5
5499,4
5500,2
5501,3
5502,4
5503,4
5504,1
5505,2
5506,4
5507,3
5508,2
5509,3
5510,4
5511,3
5512,2
5513,4
5514,1
5515,2
5516,4
5517,4
5518,6
5519,3
5520,3
5521,5
5522,4
5523,1
5524,5
5525,4
5526,6
5527,6
5528,3
5529,2
5530,3
5531,3
5532,5
5533,4
5534,5
5535,2
5536,3
5537,5
5538,6
5539,3
5540,2
5541,4
5542,2
5543,5
5544,5
5545,2
5546,4
5547,4
5548,2
5549,1
5550,3
5551,2
5552,2
5553,3
5554,5
5555,3
5556,4
5557,3
5558,2
5559,4
5560,2
5561,2
5562,4
5563,2
5564,1
5565,4
5566,4
5567,3
5568,3
5569,3
5570,4
5571,5
5572,2
5573,4
5574,3
5575,4
5576,2
5577,6
5578,1
5579,3
5580,3
5581,1
5582,2
5583,1
5584,2
5585,2
5586,2
5587,3
5588,4
5589,4
5590,5
5591,3
5592,1
5593,1
5594,4
5595,2
5596,4
5597,2
5598,3
5599,3
5600,4
5601,3
5602,2
5603,4
5604,3
5605,2
5606,2
5607,3
5608,4
5609,5
5610,4
5611,2
5612,5
5613,5
5614,6
5615,2
5616,4
5617,2
5618,4
5619,3
5620,2
5621,4
5622,3
5623,1
5624,5
5625,3
5626,4
5627,5
5628,2
5629,4
5630,3
5631,5
5632,2
5633,3
5634,2
5635,1
5636,4
5637,3
5638,5
5639,4
5640,4
5641,3
5642,5
5643,2
5644,2
5645,4
5646,2
5647,1
5648,5
5649,2
5650,5
5651,3
5652,5
5653,4
5654,2
5655,3
5656,5
5657,3
5658,6
5659,2
5660,2
5661,4
5662,4
5663,2
5664,5
5665,4
5666,2
5667,1
5668,4
5669,3
5670,2
5671,4
5672,2
5673,4
5674,3
5675,6
5676,3
5677,2
5678,2
5679,6
5680,2
5681,3
5682,1
5683,2
5684,2
5685,2
5686,5
5687,5
5688,2
5689,4
5690,5
5691,3
5692,3
5693,4
5694,3
5695,6
5696,1
5697,5
5698,2
5699,4
5700,3
5701,5
5702,2
5703,6
5704,5
5705,3
5706,2
5707,5
5708,3
5709,4
5710,2
5711,3
5712,4
5713,3
5714,4
5715,6
5716,2
5717,2
5718,3
5719,5
5720,3
5721,3
5722,4
5723,1
5724,5
5725,2
5726,1
5727,3
5728,2
5729,1
5730,5
5731,3
5732,2
5733,2
5734,4
5735,4
5736,4
5737,2
5738,6
5739,4
5740,3
5741,3
5742,4
5743,3
5744,1
5745,3
5746,3
5747,4
5748,5
5749,2
5750,4
5751,2
5752,3
5753,3
5754,5
5755,1
5756,4
5757,3
5758,5
5759,6
5760,3
5761,4
5762,4
5763,4
5764,3
5765,3
5766,5
5767,5
5768,2
5769,4
5770,5
5771,3
5772,3
5773,6
5774,2
5775,4
5776,5
5777,3
5778,3
5779,1
5780,3
5781,4
5782,2
5783,5
5784,3
5785,4
5786,2
5787,2
5788,4
5789,2
5790,3
5791,1
5792,4
5793,2
5794,3
5795,3
5796,3
5797,4
5798,5
5799,2
5800,1
5801,4
5802,4
5803,4
5804,4
5805,3
5806,3
5807,6
5808,3
5809,4
5810,2
5811,3
5812,1
5813,6
5814,4
5815,3
5816,3
5817,2
5818,3
5819,2
5820,1
5821,4
5822,2
5823,4
5824,6
5825,3
5826,3
5827,1
5828,4
5829,5
5830,1
5831,5
5832,4
5833,3
5834,4
5835,2
5836,2
5837,4
5838,3
5839,3
5840,4
5841,1
5842,2
5843,4
5844,4
5845,3
5846,3
5847,4
5848,5
5849,5
5850,3
5851,6
5852,1
5853,4
5854,2
5855,2
5856,2
5857,4
5858,5
5859,4
5860,3
5861,4
5862,3
5863,1
5864,5
5865,2
5866,3
5867,3
5868,4
5869,4
5870,2
5871,4
5872,4
5873,2
5874,5
5875,4
5876,1
5877,1
5878,4
5879,6
5880,4
5881,4
5882,4
5883,2
5884,3
5885,3
5886,3
5887,1
5888,6
5889,2
5890,4
5891,4
5892,2
5893,2
5894,3
5895,5
5896,4
5897,2
5898,5
5899,2
5900,2
5901,6
5902,4
5903,3
5904,4
5905,4
5906,5
5907,2
5908,2
5909,4
5910,4
5911,2
5912,2
5913,1
5914,4
5915,4
5916,3
5917,4
5918,6
5919,2
5920,2
5921,2
5922,4
5923,3
5924,2
5925,3
5926,5
5927,5
5928,4
5929,4
5930,3
5931,4
5932,3
5933,4
5934,3
5935,1
5936,5
5937,4
5938,2
5939,3
5940,2
5941,4
5942,5
5943,1
5944,2
5945,4
5946,5
5947,3
5948,1
5949,2
5950,4
5951,2
5952,1
5953,5
5954,5
5955,4
5956,3
5957,4
5958,6
5959,4
5960,2
5961,6
5962,3
5963,3
5964,5
5965,2
5966,3
5967,1
5968,3
5969,4
5970,3
5971,4
5972,4
5973,3
5974,3
5975,3
5976,3
5977,1
5978,6
5979,6
5980,5
5981,3
5982,2
5983,2
5984,5
5985,1
5986,3
5987,3
5988,3
5989,5
5990,3
5991,3
5992,4
5993,3
5994,4
5995,2
5996,2
5997,4
5998,4
5999,4
6000,4
6001,4
6002,6
6003,5
6004,2
6005,3
6006,4
6007,4
6008,5
6009,4
6010,5
6011,5
6012,1
6013,4
6014,4
6015,3
6016,2
6017,5
6018,4
6019,5
6020,2
6021,3
6022,2
6023,2
6024,5
6025,4
6026,2
6027,3
6028,5
6029,3
6030,3
6031,3
6032,1
6033,4
6034,2
6035,6
6036,4
6037,2
6038,2
6039,3
6040,3
6041,5
6042,6
6043,3
6044,2
6045,2
6046,3
6047,3
6048,5
6049,5
6050,2
6051,5
6052,5
6053,3
6054,4
6055,4
6056,3
6057,4
6058,1
6059,2
6060,2
6061,3
6062,5
6063,4
6064,2
6065,4
6066,2
6067,1
6068,5
6069,4
6070,3
6071,2
6072,5
6073,4
6074,4
6075,5
6076,5
6077,3
6078,3
6079,3
6080,4
6081,2
6082,4
6083,6
6084,4
6085,3
6086,5
6087,4
6088,3
6089,5
6090,1
6091,4
6092,2
6093,2
6094,5
6095,3
6096,2
6097,3
6098,5
6099,2
6100,4
6101,5
6102,4
6103,5
6104,6
6105,2
6106,5
6107,2
6108,4
6109,4
6110,4
6111,4
6112,3
6113,4
6114,1
6115,2
6116,5
6117,2
6118,3
6119,4
6120,2
6121,4
6122,2
6123,4
6124,2
6125,4
6126,5
6127,4
6128,1
6129,4
6130,6
6131,4
6132,5
6133,3
6134,3
6135,3
6136,6
6137,6
6138,2
6139,3
6140,2
6141,4
6142,6
6143,2
6144,3
6145,4
6146,4
6147,4
6148,2
6149,3
6150,3
6151,3
6152,4
6153,3
6154,5
6155,3
6156,4
6157,3
6158,4
6159,4
6160,4
6161,2
6162,2
6163,1
6164,4
6165,2
6166,5
6167,4
6168,4
6169,4
6170,2
6171,1
6172,5
6173,3
6174,3
6175,2
6176,4
6177,3
6178,2
6179,4
6180,3
6181,4
6182,5
6183,3
6184,2
6185,5
6186,2
6187,4
6188,2
6189,4
6190,2
6191,6
6192,3
6193,4
6194,4
6195,4
6196,3
6197,4
6198,4
6199,2
6200,3
6201,3
6202,2
6203,4
6204,4
6205,1
6206,4
6207,6
6208,3
6209,4
6210,3
6211,3
6212,2
6213,1
6214,4
6215,5
6216,2
6217,4
6218,3
6219,4
6220,3
6221,4
6222,4
6223,3
6224,1
6225,3
6226,1
6227,3
6228,3
6229,4
6230,1
6231,3
6232,4
6233,6
6234,4
6235,4
6236,3
6237,4
6238,4
6239,2
6240,3
6241,4
6242,6
6243,3
6244,2
6245,4
6246,4
6247,3
6248,2
6249,3
6250,3
6251,2
6252,2
6253,5
6254,4
6255,5
6256,3
6257,2
6258,3
6259,2
6260,4
6261,2
6262,3
6263,4
6264,4
6265,3
6266,3
6267,4
6268,3
6269,5
6270,2
6271,4
6272,4
6273,3
6274,5
6275,3
6276,2
6277,2
6278,3
6279,6
6280,2
6281,4
6282,4
6283,3
6284,4
6285,1
6286,5
6287,5
6288,5
6289,3
6290,4
6291,1
6292,6
6293,3
6294,2
6295,2
6296,4
6297,4
6298,4
6299,4
6300,2
6301,4
6302,3
6303,4
6304,2
6305,3
6306,6
6307,2
6308,3
6309,3
6310,5
6311,4
6312,4
6313,3
6314,1
6315,3
6316,1
6317,4
6318,3
6319,4
6320,3
6321,2
6322,1
6323,2
6324,4
6325,2
6326,3
6327,4
6328,4
6329,4
6330,3
6331,4
6332,5
6333,4
6334,3
6335,3
6336,5
6337,3
6338,2
6339,4
6340,2
6341,3
6342,4
6343,2
6344,4
6345,4
6346,4
6347,3
6348,2
6349,3
6350,2
6351,4
6352,2
6353,5
6354,5
6355,2
6356,2
6357,5
6358,3
6359,6
6360,2
6361,3
6362,4
6363,4
6364,2
6365,3
6366,3
6367,2
6368,4
6369,4
6370,5
6371,3
6372,1
6373,2
6374,4
6375,3
6376,3
6377,4
6378,6
6379,3
6380,3
6381,4
6382,2
6383,2
6384,6
6385,2
6386,3
6387,4
6388,1
6389,4
6390,2
6391,3
6392,3
6393,5
6394,5
6395,5
6396,2
6397,4
6398,2
6399,3
6400,4
6401,3
6402,3
6403,3
6404,4
6405,4
6406,2
6407,6
6408,5
6409,4
6410,5
6411,4
6412,6
6413,2
6414,3
6415,4
6416,4
6417,6
6418,3
6419,4
6420,5
6421,4
6422,1
6423,2
6424,3
6425,5
6426,4
6427,2
6428,5
6429,2
6430,4
6431,2
6432,6
6433,5
6434,3
6435,4
6436,2
6437,3
6438,2
6439,5
6440,2
6441,4
6442,4
6443,2
6444,2
6445,3
6446,4
6447,2
6448,3
6449,1
6450,5
6451,3
6452,1
6453,3
6454,2
6455,5
6456,3
6457,2
6458,4
6459,2
6460,4
6461,4
6462,4
6463,4
6464,2
6465,2
6466,2
6467,4
6468,1
6469,1
6470,3
6471,3
6472,4
6473,2
6474,5
6475,3
6476,6
6477,3
6478,4
6479,2
6480,1
6481,4
6482,1
6483,4
6484,2
6485,4
6486,3
6487,5
6488,4
6489,2
6490,5
6491,4
6492,2
6493,4
6494,1
6495,6
6496,6
6497,2
6498,4
6499,4
6500,2
6501,3
6502,2
6503,3
6504,1
6505,1
6506,4
6507,2
6508,4
6509,3
6510,4
6511,3
6512,4
6513,1
6514,4
6515,3
6516,3
6517,4
6518,4
6519,3
6520,3
6521,1
6522,3
6523,4
6524,2
6525,1
6526,5
6527,3
6528,4
6529,2
6530,3
6531,4
6532,6
6533,3
6534,2
6535,1
6536,2
6537,2
6538,4
6539,4
6540,1
6541,3
6542,2
6543,5
6544,2
6545,2
6546,4
6547,5
6548,3
6549,3
6550,4
6551,2
6552,1
6553,3
6554,3
6555,1
6556,4
6557,4
6558,3
6559,4
6560,4
6561,4
6562,2
6563,1
6564,4
6565,2
6566,2
6567,1
6568,2
6569,6
6570,6
6571,3
6572,3
6573,3
6574,4
6575,2
6576,3
6577,2
6578,2
6579,2
6580,5
6581,4
6582,5
6583,4
6584,2
6585,3
6586,4
6587,2
6588,4
6589,3
6590,2
6591,3
6592,3
6593,4
6594,2
6595,3
6596,2
6597,3
6598,2
6599,3
6600,3
6601,5
6602,2
6603,5
6604,5
6605,4
6606,3
6607,1
6608,4
6609,3
6610,4
6611,2
6612,4
6613,3
6614,4
6615,6
6616,4
6617,2
6618,4
6619,1
6620,3
6621,3
6622,1
6623,3
6624,2
6625,3
6626,4
6627,3
6628,3
6629,3
6630,1
6631,3
6632,4
6633,2
6634,2
6635,4
6636,4
6637,2
6638,5
6639,6
6640,5
6641,4
6642,2
6643,3
6644,2
6645,6
6646,2
6647,6
6648,6
6649,2
6650,4
6651,2
6652,2
6653,4
6654,5
6655,1
6656,6
6657,2
6658,3
6659,4
6660,3
6661,2
6662,4
6663,4
6664,3
6665,2
6666,3
6667,2
6668,2
6669,4
6670,3
6671,4
6672,2
6673,3
6674,1
6675,4
6676,2
6677,2
6678,2
6679,4
6680,3
6681,3
6682,4
6683,4
6684,3
6685,2
6686,6
6687,3
6688,2
6689,1
6690,5
6691,3
6692,2
6693,3
6694,3
6695,4
6696,3
6697,2
6698,3
6699,3
6700,2
6701,4
6702,2
6703,5
6704,3
6705,6
6706,5
6707,4
6708,2
6709,5
6710,5
6711,3
6712,5
6713,3
6714,3
6715,4
6716,2
6717,3
6718,3
6719,4
6720,5
6721,2
6722,1
6723,1
6724,3
6725,3
6726,2
6727,3
6728,5
6729,4
6730,4
6731,6
6732,3
6733,2
6734,3
6735,2
6736,3
6737,2
6738,2
6739,2
6740,1
6741,3
6742,3
6743,3
6744,6
6745,3
6746,4
6747,5
6748,3
6749,3
6750,3
6751,1
6752,2
6753,3
6754,2
6755,2
6756,5
6757,2
6758,4
6759,3
6760,3
6761,1
6762,3
6763,3
6764,4
6765,4
6766,3
6767,2
6768,4
6769,4
6770,3
6771,3
6772,2
6773,5
6774,3
6775,3
6776,4
6777,2
6778,3
6779,3
6780,3
6781,4
6782,5
6783,6
6784,4
6785,4
6786,2
6787,2
6788,5
6789,4
6790,4
6791,4
6792,3
6793,4
6794,3
6795,4
6796,4
6797,2
6798,2
6799,4
6800,3
6801,5
6802,5
6803,4
6804,4
6805,4
6806,3
6807,3
6808,2
6809,4
6810,2
6811,5
6812,2
6813,2
6814,1
6815,1
6816,2
6817,5
6818,1
6819,4
6820,2
6821,5
6822,2
6823,3
6824,3
6825,5
6826,4
6827,4
6828,4
6829,3
6830,4
6831,4
6832,3
6833,4
6834,4
6835,3
6836,4
6837,5
6838,4
6839,4
6840,3
6841,2
6842,2
6843,6
6844,2
6845,6
6846,3
6847,4
6848,2
6849,4
6850,2
6851,5
6852,3
6853,3
6854,3
6855,3
6856,3
6857,4
6858,1
6859,2
6860,4
6861,3
6862,3
6863,5
6864,4
6865,3
6866,4
6867,2
6868,2
6869,5
6870,3
6871,3
6872,2
6873,4
6874,4
6875,4
6876,3
6877,2
6878,4
6879,2
6880,3
6881,4
6882,3
6883,1
6884,3
6885,4
6886,5
6887,3
6888,4
6889,3
6890,5
6891,3
6892,4
6893,1
6894,5
6895,2
6896,3
6897,2
6898,2
6899,4
6900,3
6901,3
6902,5
6903,2
6904,4
6905,4
6906,2
6907,2
6908,3
6909,2
6910,4
6911,3
6912,4
6913,5
6914,1
6915,4
6916,2
6917,4
6918,5
6919,3
6920,2
6921,4
6922,5
6923,2
6924,2
6925,2
6926,5
6927,5
6928,4
6929,2
6930,5
6931,3
6932,2
6933,4
6934,6
6935,3
6936,4
6937,4
6938,4
6939,2
6940,2
6941,5
6942,1
6943,3
6944,1
6945,2
6946,6
6947,3
6948,5
6949,3
6950,4
6951,6
6952,5
6953,4
6954,3
6955,5
6956,5
6957,1
6958,2
6959,2
6960,4
6961,2
6962,6
6963,4
6964,3
6965,3
6966,4
6967,4
6968,3
6969,3
6970,1
6971,3
6972,2
6973,5
6974,4
6975,2
6976,4
6977,5
6978,2
6979,6
6980,3
6981,4
6982,5
6983,4
6984,5
6985,3
6986,2
6987,4
6988,4
6989,5
6990,6
6991,2
6992,2
6993,3
6994,2
6995,4
6996,4
6997,4
6998,4
6999,1
7000,2
7001,4
7002,5
7003,3
7004,2
7005,2
7006,4
7007,2
7008,6
7009,4
7010,2
7011,3
7012,2
7013,3
7014,2
7015,2
7016,2
7017,4
7018,3
7019,4
7020,4
7021,1
7022,3
7023,6
7024,5
7025,3
7026,2
7027,4
7028,3
7029,3
7030,3
7031,5
7032,2
7033,4
7034,2
7035,2
7036,6
7037,1
7038,2
7039,3
7040,2
7041,4
7042,4
7043,2
7044,2
7045,3
7046,3
7047,2
7048,3
7049,4
7050,1
7051,3
7052,5
7053,3
7054,5
7055,4
7056,3
7057,2
7058,4
7059,1
7060,4
7061,5
7062,3
7063,1
7064,4
7065,3
7066,4
7067,6
7068,2
7069,4
7070,4
7071,4
7072,2
7073,4
7074,3
7075,3
7076,4
7077,2
7078,4
7079,4
7080,3
7081,2
7082,5
7083,2
7084,1
7085,3
7086,2
7087,4
7088,1
7089,4
7090,3
7091,6
7092,1
7093,5
7094,4
7095,3
7096,1
7097,6
7098,5
7099,2
7100,3
7101,2
7102,5
7103,4
7104,3
7105,4
7106,5
7107,4
7108,4
7109,6
7110,5
7111,5
7112,3
7113,2
7114,3
7115,3
7116,2
7117,4
7118,4
7119,4
7120,3
7121,3
7122,4
7123,2
7124,6
7125,5
7126,2
7127,2
7128,2
7129,6
7130,2
7131,4
7132,4
7133,5
7134,2
7135,1
7136,4
7137,3
7138,5
7139,3
7140,3
7141,2
7142,3
7143,4
7144,2
7145,4
7146,2
7147,3
7148,4
7149,3
7150,2
7151,4
7152,3
7153,2
7154,4
7155,3
7156,2
7157,4
7158,5
7159,4
7160,4
7161,6
7162,5
7163,5
7164,2
7165,3
7166,1
7167,5
7168,2
7169,3
7170,4
7171,4
7172,5
7173,4
7174,4
7175,3
7176,5
7177,3
7178,1
7179,5
7180,3
7181,2
7182,4
7183,1
7184,4
7185,4
7186,6
7187,2
7188,2
7189,3
7190,3
7191,4
7192,1
7193,5
7194,1
7195,4
7196,4
7197,3
7198,3
7199,2
7200,4
7201,3
7202,4
7203,3
7204,6
7205,4
7206,4
7207,4
7208,5
7209,2
7210,4
7211,3
7212,3
7213,4
7214,6
7215,3
7216,2
7217,3
7218,2
7219,6
7220,1
7221,2
7222,4
7223,2
7224,4
7225,6
7226,3
7227,2
7228,4
7229,4
7230,6
7231,4
7232,4
7233,4
7234,4
7235,3
7236,3
7237,5
7238,4
7239,3
7240,2
7241,3
7242,3
7243,2
7244,2
7245,6
7246,3
7247,4
7248,3
7249,3
7250,5
7251,4
7252,2
7253,5
7254,2
7255,4
7256,2
7257,5
7258,3
7259,3
7260,2
7261,3
7262,5
7263,5
7264,3
7265,2
7266,4
7267,3
7268,2
7269,1
7270,6
7271,2
7272,2
7273,1
7274,6
7275,2
7276,2
7277,6
7278,3
7279,3
7280,1
7281,6
7282,2
7283,3
7284,4
7285,6
7286,3
7287,4
7288,4
7289,2
7290,6
7291,5
7292,3
7293,4
7294,5
7295,2
7296,3
7297,2
7298,5
7299,2
7300,3
7301,2
7302,4
7303,2
7304,1
7305,2
7306,3
7307,2
7308,2
7309,3
7310,2
7311,5
7312,5
7313,1
7314,4
7315,2
7316,3
7317,4
7318,2
7319,3
7320,2
7321,6
7322,2
7323,5
7324,5
7325,2
7326,2
7327,4
7328,2
7329,4
7330,4
7331,3
7332,2
7333,4
7334,3
7335,6
7336,2
7337,2
7338,3
7339,4
7340,2
7341,3
7342,4
7343,3
7344,6
7345,3
7346,4
7347,4
7348,1
7349,6
7350,2
7351,3
7352,2
7353,3
7354,4
7355,2
7356,2
7357,2
7358,5
7359,3
7360,2
7361,4
7362,5
7363,3
7364,5
7365,4
7366,3
7367,3
7368,3
7369,4
7370,4
7371,3
7372,2
7373,2
7374,4
7375,1
7376,3
7377,4
7378,4
7379,3
7380,3
7381,4
7382,2
7383,3
7384,2
7385,2
7386,4
7387,4
7388,3
7389,2
7390,4
7391,4
7392,4
7393,2
7394,3
7395,4
7396,3
7397,2
7398,3
7399,4
7400,3
7401,2
7402,4
7403,4
7404,4
7405,3
7406,5
7407,4
7408,5
7409,2
7410,4
7411,2
7412,2
7413,5
7414,2
7415,4
7416,3
7417,2
7418,3
7419,2
7420,2
7421,4
7422,3
7423,1
7424,3
7425,4
7426,5
7427,1
7428,1
7429,4
7430,4
7431,3
7432,2
7433,2
7434,4
7435,6
7436,4
7437,6
7438,2
7439,3
7440,5
7441,1
7442,1
7443,3
7444,2
7445,3
7446,1
7447,4
7448,4
7449,3
7450,2
7451,3
7452,3
7453,5
7454,6
7455,2
7456,4
7457,3
7458,2
7459,2
7460,4
7461,4
7462,3
7463,2
7464,3
7465,4
7466,3
7467,2
7468,3
7469,2
7470,1
7471,5
7472,3
7473,3
7474,4
7475,3
7476,4
7477,4
7478,2
7479,4
7480,3
7481,3
7482,3
7483,4
7484,3
7485,6
7486,3
7487,3
7488,4
7489,2
7490,3
7491,2
7492,4
7493,2
7494,2
7495,3
7496,2
7497,3
7498,4
7499,4
7500,2
7501,3
7502,2
7503,4
7504,2
7505,1
7506,4
7507,3
7508,4
7509,2
7510,2
7511,3
7512,3
7513,2
7514,5
7515,3
7516,1
7517,4
7518,2
7519,4
7520,3
7521,2
7522,4
7523,2
7524,4
7525,5
7526,4
7527,6
7528,4
7529,2
7530,2
7531,4
7532,4
7533,3
7534,2
7535,5
7536,2
7537,2
7538,5
7539,3
7540,5
7541,4
7542,2
7543,6
7544,5
7545,1
7546,6
7547,4
7548,4
7549,6
7550,4
7551,2
7552,3
7553,4
7554,3
7555,3
7556,3
7557,1
7558,2
7559,5
7560,1
7561,3
7562,3
7563,4
7564,4
7565,2
7566,3
7567,3
7568,4
7569,2
7570,4
7571,1
7572,3
7573,4
7574,3
7575,5
7576,4
7577,3
7578,4
7579,4
7580,6
7581,3
7582,1
7583,6
7584,3
7585,2
7586,3
7587,4
7588,5
7589,6
7590,4
7591,5
7592,4
7593,2
7594,4
7595,4
7596,3
7597,5
7598,3
7599,2
7600,1
7601,4
7602,3
7603,2
7604,3
7605,2
7606,5
7607,2
7608,3
7609,5
7610,3
7611,3
7612,1
7613,3
7614,4
7615,4
7616,4
7617,3
7618,4
7619,5
7620,1
7621,6
7622,3
7623,3
7624,3
7625,1
7626,3
7627,3
7628,1
7629,4
7630,3
7631,3
7632,3
7633,3
7634,4
7635,4
7636,3
7637,4
7638,2
7639,3
7640,2
7641,4
7642,4
7643,4
7644,3
7645,4
7646,5
7647,3
7648,1
7649,2
7650,3
7651,2
7652,6
7653,5
7654,2
7655,6
7656,4
7657,4
7658,2
7659,4
7660,5
7661,3
7662,1
7663,3
7664,3
7665,5
7666,5
7667,3
7668,3
7669,4
7670,4
7671,4
7672,3
7673,4
7674,3
7675,4
7676,3
7677,5
7678,2
7679,2
7680,2
7681,4
7682,6
7683,3
7684,5
7685,2
7686,4
7687,6
7688,2
7689,2
7690,3
7691,2
7692,2
7693,2
7694,4
7695,2
7696,2
7697,2
7698,2
7699,5
7700,3
7701,2
7702,4
7703,4
7704,5
7705,2
7706,3
7707,3
7708,2
7709,5
7710,4
7711,1
7712,2
7713,4
7714,4
7715,6
7716,4
7717,4
7718,6
7719,4
7720,2
7721,5
7722,5
7723,3
7724,3
7725,4
7726,1
7727,5
7728,3
7729,5
7730,5
7731,6
7732,2
7733,1
7734,3
7735,3
7736,3
7737,5
7738,6
7739,4
7740,1
7741,2
7742,2
7743,4
7744,2
7745,1
7746,4
7747,5
7748,2
7749,4
7750,1
7751,5
7752,5
7753,3
7754,6
7755,4
7756,3
7757,2
7758,4
7759,4
7760,4
7761,2
7762,3
7763,5
7764,5
7765,2
7766,4
7767,4
7768,2
7769,3
7770,1
7771,4
7772,4
7773,5
7774,1
7775,5
7776,3
7777,4
7778,1
7779,5
7780,4
7781,2
7782,5
7783,6
7784,4
7785,1
7786,2
7787,3
7788,1
7789,2
7790,6
7791,4
7792,5
7793,3
7794,1
7795,4
7796,1
7797,3
7798,4
7799,4
7800,2
7801,3
7802,4
7803,5
7804,3
7805,1
7806,5
7807,3
7808,6
7809,2
7810,5
7811,3
7812,6
7813,3
7814,4
7815,4
7816,3
7817,3
7818,4
7819,3
7820,5
7821,4
7822,3
7823,4
7824,3
7825,5
7826,3
7827,4
7828,6
7829,2
7830,5
7831,4
7832,2
7833,4
7834,3
7835,2
7836,4
7837,4
7838,4
7839,4
7840,1
7841,3
7842,2
7843,3
7844,4
7845,4
7846,3
7847,5
7848,3
7849,3
7850,4
7851,4
7852,4
7853,3
7854,2
7855,1
7856,6
7857,3
7858,3
7859,4
7860,2
7861,5
7862,3
7863,3
7864,5
7865,3
7866,4
7867,3
7868,5
7869,3
7870,5
7871,2
7872,3
7873,4
7874,2
7875,3
7876,3
7877,2
7878,4
7879,3
7880,6
7881,2
7882,4
7883,3
7884,3
7885,4
7886,4
7887,3
7888,2
7889,1
7890,4
7891,4
7892,3
7893,4
7894,2
7895,2
7896,2
7897,1
7898,5
7899,6
7900,3
7901,3
7902,2
7903,5
7904,2
7905,5
7906,4
7907,3
7908,3
7909,4
7910,6
7911,1
7912,4
7913,4
7914,3
7915,4
7916,2
7917,6
7918,2
7919,3
7920,6
7921,4
7922,3
7923,3
7924,3
7925,3
7926,3
7927,1
7928,5
7929,2
7930,1
7931,2
7932,4
7933,3
7934,4
7935,6
7936,3
7937,4
7938,2
7939,3
7940,4
7941,4
7942,4
7943,3
7944,3
7945,4
7946,3
7947,3
7948,2
7949,5
7950,2
7951,2
7952,6
7953,3
7954,6
7955,4
7956,3
7957,4
7958,2
7959,3
7960,5
7961,6
7962,4
7963,2
7964,3
7965,4
7966,3
7967,4
7968,3
7969,5
7970,2
7971,2
7972,1
7973,3
7974,1
7975,4
7976,3
7977,3
7978,1
7979,3
7980,3
7981,5
7982,2
7983,3
7984,4
7985,2
7986,4
7987,2
7988,3
7989,4
7990,2
7991,3
7992,3
7993,4
7994,3
7995,5
7996,6
7997,4
7998,5
7999,2
8000,2
8001,4
8002,2
8003,5
8004,3
8005,4
8006,3
8007,4
8008,2
8009,1
8010,3
8011,4
8012,3
8013,3
8014,3
8015,4
8016,3
8017,4
8018,1
8019,4
8020,4
8021,5
8022,3
8023,5
8024,3
8025,4
8026,1
8027,4
8028,5
8029,4
8030,5
8031,4
8032,4
8033,2
8034,4
8035,4
8036,1
8037,2
8038,4
8039,2
8040,3
8041,4
8042,3
8043,2
8044,5
8045,1
8046,4
8047,2
8048,6
8049,2
8050,3
8051,4
8052,3
8053,2
8054,3
8055,6
8056,4
8057,2
8058,4
8059,2
8060,2
8061,5
8062,5
8063,3
8064,2
8065,6
8066,3
8067,5
8068,1
8069,4
8070,3
8071,2
8072,2
8073,3
8074,4
8075,1
8076,5
8077,2
8078,3
8079,5
8080,4
8081,1
8082,2
8083,3
8084,4
8085,2
8086,3
8087,3
8088,2
8089,2
8090,1
8091,4
8092,2
8093,5
8094,4
8095,2
8096,2
8097,4
8098,2
8099,2
8100,4
8101,2
8102,4
8103,3
8104,2
8105,5
8106,3
8107,4
8108,1
8109,5
8110,2
8111,2
8112,4
8113,2
8114,4
8115,6
8116,2
8117,5
8118,6
8119,3
8120,3
8121,3
8122,4
8123,3
8124,5
8125,3
8126,2
8127,2
8128,6
8129,1
8130,3
8131,2
8132,3
8133,4
8134,2
8135,1
8136,4
8137,3
8138,2
8139,3
8140,5
8141,3
8142,4
8143,4
8144,5
8145,4
8146,2
8147,3
8148,4
8149,3
8150,2
8151,4
8152,5
8153,5
8154,3
8155,2
8156,4
8157,4
8158,2
8159,1
8160,3
8161,3
8162,3
8163,2
8164,5
8165,4
8166,4
8167,3
8168,3
8169,4
8170,1
8171,4
8172,4
8173,3
8174,3
8175,3
8176,1
8177,3
8178,3
8179,4
8180,2
8181,2
8182,3
8183,3
8184,5
8185,3
8186,2
8187,3
8188,6
8189,5
8190,3
8191,4
8192,3
8193,3
8194,3
8195,2
8196,4
8197,1
8198,6
8199,3
8200,4
8201,4
8202,1
8203,2
8204,1
8205,3
8206,3
8207,1
8208,2
8209,1
8210,4
8211,2
8212,3
8213,2
8214,2
8215,1
8216,2
8217,3
8218,2
8219,4
8220,4
8221,1
8222,4
8223,2
8224,3
8225,1
8226,3
8227,4
8228,2
8229,5
8230,2
8231,5
8232,6
8233,3
8234,3
8235,4
8236,4
8237,3
8238,4
8239,3
8240,2
8241,3
8242,5
8243,3
8244,3
8245,5
8246,2
8247,2
8248,4
8249,1
8250,4
8251,4
8252,6
8253,4
8254,4
8255,4
8256,4
8257,6
8258,2
8259,2
8260,1
8261,3
8262,4
8263,3
8264,4
8265,4
8266,6
8267,1
8268,6
8269,4
8270,3
8271,4
8272,4
8273,2
8274,4
8275,2
8276,1
8277,2
8278,3
8279,2
8280,2
8281,4
8282,3
8283,2
8284,4
8285,2
8286,4
8287,5
8288,4
8289,1
8290,3
8291,3
8292,1
8293,3
8294,3
8295,3
8296,3
8297,6
8298,4
8299,3
8300,2
8301,2
8302,4
8303,4
8304,4
8305,1
8306,6
8307,4
8308,4
8309,2
8310,1
8311,1
8312,1
8313,4
8314,2
8315,2
8316,4
8317,3
8318,1
8319,2
8320,4
8321,2
8322,3
8323,3
8324,4
8325,2
8326,4
8327,3
8328,3
8329,4
8330,3
8331,6
8332,2
8333,2
8334,5
8335,3
8336,5
8337,4
8338,2
8339,6
8340,4
8341,4
8342,3
8343,5
8344,5
8345,3
8346,4
8347,3
8348,4
8349,2
8350,2
8351,4
8352,3
8353,4
8354,6
8355,3
8356,3
8357,3
8358,3
8359,4
8360,5
8361,3
8362,2
8363,3
8364,2
8365,3
8366,4
8367,2
8368,4
8369,5
8370,4
8371,4
8372,4
8373,3
8374,5
8375,5
8376,2
8377,3
8378,4
8379,2
8380,2
8381,2
8382,3
8383,6
8384,4
8385,5
8386,5
8387,5
8388,3
8389,3
8390,2
8391,5
8392,5
8393,4
8394,4
8395,3
8396,2
8397,4
8398,3
8399,5
8400,4
8401,2
8402,1
8403,2
8404,4
8405,4
8406,2
8407,3
8408,1
8409,4
8410,3
8411,6
8412,4
8413,3
8414,2
8415,3
8416,3
8417,5
8418,4
8419,6
8420,2
8421,3
8422,2
8423,1
8424,3
8425,4
8426,3
8427,3
8428,1
8429,4
8430,3
8431,4
8432,4
8433,4
8434,3
8435,3
8436,1
8437,2
8438,5
8439,2
8440,4
8441,6
8442,4
8443,4
8444,1
8445,4
8446,5
8447,1
8448,3
8449,3
8450,2
8451,3
8452,4
8453,3
8454,2
8455,2
8456,6
8457,5
8458,3
8459,4
8460,5
8461,2
8462,5
8463,3
8464,3
8465,3
8466,4
8467,6
8468,3
8469,4
8470,5
8471,5
8472,5
8473,6
8474,4
8475,4
8476,4
8477,2
8478,2
8479,3
8480,5
8481,3
8482,4
8483,2
8484,6
8485,3
8486,3
8487,3
8488,4
8489,6
8490,4
8491,3
8492,2
8493,2
8494,4
8495,2
8496,4
8497,4
8498,4
8499,3
8500,2
8501,6
8502,3
8503,2
8504,4
8505,3
8506,3
8507,1
8508,2
8509,3
8510,2
8511,4
8512,4
8513,3
8514,1
8515,3
8516,6
8517,2
8518,3
8519,5
8520,1
8521,4
8522,6
8523,4
8524,3
8525,2
8526,6
8527,3
8528,4
8529,4
8530,2
8531,3
8532,4
8533,2
8534,4
8535,2
8536,2
8537,3
8538,1
8539,1
8540,3
8541,3
8542,2
8543,1
8544,2
8545,3
8546,5
8547,3
8548,4
8549,1
8550,2
8551,2
8552,2
8553,4
8554,1
8555,2
8556,4
8557,4
8558,3
8559,3
8560,4
8561,3
8562,1
8563,4
8564,4
8565,3
8566,2
8567,6
8568,4
8569,4
8570,3
8571,2
8572,4
8573,3
8574,2
8575,2
8576,3
8577,3
8578,4
8579,5
8580,4
8581,2
8582,1
8583,3
8584,3
8585,3
8586,5
8587,2
8588,4
8589,3
8590,2
8591,2
8592,1
8593,5
8594,4
8595,2
8596,4
8597,6
8598,2
8599,4
8600,3
8601,2
8602,4
8603,4
8604,4
8605,4
8606,4
8607,3
8608,4
8609,3
8610,1
8611,2
8612,1
8613,2
8614,5
8615,4
8616,3
8617,5
8618,3
8619,3
8620,4
8621,1
8622,6
8623,3
8624,6
8625,2
8626,4
8627,2
8628,4
8629,4
8630,5
8631,2
8632,5
8633,4
8634,2
8635,4
8636,4
8637,2
8638,2
8639,6
8640,2
8641,3
8642,4
8643,5
8644,6
8645,1
8646,5
8647,5
8648,4
8649,5
8650,4
8651,4
8652,2
8653,1
8654,4
8655,5
8656,4
8657,6
8658,2
8659,3
8660,4
8661,4
8662,1
8663,4
8664,3
8665,4
8666,3
8667,3
8668,2
8669,4
8670,6
8671,2
8672,2
8673,1
8674,4
8675,4
8676,2
8677,5
8678,4
8679,4
8680,4
8681,4
8682,3
8683,4
8684,2
8685,3
8686,3
8687,3
8688,5
8689,3
8690,4
8691,4
8692,5
8693,2
8694,4
8695,4
8696,4
8697,2
8698,2
8699,4
8700,4
8701,3
8702,3
8703,4
8704,2
8705,5
8706,6
8707,2
8708,6
8709,3
8710,2
8711,3
8712,1
8713,2
8714,2
8715,4
8716,2
8717,5
8718,4
8719,3
8720,3
8721,2
8722,2
8723,3
8724,1
8725,4
8726,3
8727,4
8728,4
8729,4
8730,4
8731,1
8732,3
8733,1
8734,1
8735,4
8736,4
8737,4
8738,3
8739,2
8740,2
8741,4
8742,3
8743,3
8744,2
8745,2
8746,3
8747,1
8748,3
8749,4
8750,2
8751,1
8752,3
8753,4
8754,3
8755,2
8756,1
8757,4
8758,3
8759,2
8760,4
8761,2
8762,2
8763,3
8764,3
8765,3
8766,2
8767,4
8768,2
8769,5
8770,2
8771,3
8772,2
8773,5
8774,4
8775,4
8776,4
8777,4
8778,6
8779,5
8780,1
8781,4
8782,5
8783,3
8784,2
8785,6
8786,4
8787,1
8788,4
8789,3
8790,6
8791,3
8792,3
8793,3
8794,1
8795,1
8796,3
8797,5
8798,1
8799,1
8800,2
8801,6
8802,2
8803,1
8804,2
8805,4
8806,1
8807,4
8808,2
8809,4
8810,2
8811,4
8812,3
8813,4
8814,3
8815,3
8816,3
8817,2
8818,4
8819,4
8820,4
8821,2
8822,5
8823,1
8824,4
8825,2
8826,2
8827,2
8828,3
8829,3
8830,3
8831,2
8832,5
8833,2
8834,3
8835,3
8836,5
8837,4
8838,2
8839,4
8840,3
8841,3
8842,3
8843,3
8844,3
8845,2
8846,1
8847,2
8848,5
8849,4
8850,1
8851,3
8852,3
8853,4
8854,4
8855,6
8856,4
8857,1
8858,4
8859,5
8860,1
8861,5
8862,2
8863,4
8864,4
8865,1
8866,5
8867,3
8868,2
8869,2
8870,3
8871,5
8872,2
8873,3
8874,2
8875,5
8876,5
8877,2
8878,4
8879,2
8880,3
8881,3
8882,2
8883,6
8884,4
8885,2
8886,3
8887,3
8888,6
8889,3
8890,3
8891,3
8892,1
8893,2
8894,4
8895,1
8896,2
8897,5
8898,6
8899,2
8900,2
8901,2
8902,4
8903,4
8904,2
8905,2
8906,4
8907,5
8908,2
8909,2
8910,3
8911,2
8912,4
8913,2
8914,3
8915,3
8916,4
8917,2
8918,2
8919,5
8920,5
8921,6
8922,2
8923,4
8924,3
8925,1
8926,3
8927,2
8928,2
8929,3
8930,2
8931,4
8932,3
8933,3
8934,3
8935,3
8936,4
8937,3
8938,4
8939,4
8940,4
8941,2
8942,2
8943,2
8944,4
8945,4
8946,1
8947,2
8948,4
8949,2
8950,4
8951,4
8952,4
8953,1
8954,4
8955,5
8956,2
8957,4
8958,6
8959,3
8960,2
8961,3
8962,2
8963,2
8964,5
8965,3
8966,2
8967,4
8968,5
8969,4
8970,2
8971,3
8972,3
8973,4
8974,2
8975,4
8976,2
8977,4
8978,3
8979,4
8980,2
8981,3
8982,4
8983,4
8984,6
8985,2
8986,1
8987,4
8988,2
8989,3
8990,4
8991,2
8992,1
8993,4
8994,3
8995,2
8996,4
8997,5
8998,5
8999,4
9000,6
9001,4
9002,6
9003,3
9004,3
9005,1
9006,3
9007,2
9008,1
9009,1
9010,2
9011,3
9012,3
9013,2
9014,5
9015,4
9016,4
9017,1
9018,4
9019,4
9020,3
9021,2
9022,3
9023,3
9024,3
9025,5
9026,2
9027,3
9028,1
9029,4
9030,5
9031,2
9032,2
9033,4
9034,4
9035,4
9036,2
9037,3
9038,2
9039,3
9040,1
9041,2
9042,4
9043,2
9044,2
9045,3
9046,1
9047,2
9048,3
9049,2
9050,4
9051,4
9052,3
9053,3
9054,2
9055,5
9056,3
9057,4
9058,5
9059,5
9060,2
9061,6
9062,4
9063,2
9064,4
9065,4
9066,4
9067,3
9068,3
9069,3
9070,1
9071,2
9072,5
9073,2
9074,2
9075,4
9076,1
9077,4
9078,3
9079,4
9080,5
9081,4
9082,4
9083,2
9084,5
9085,4
9086,3
9087,5
9088,5
9089,1
9090,5
9091,2
9092,4
9093,4
9094,4
9095,4
9096,4
9097,5
9098,1
9099,3
9100,4
9101,3
9102,4
9103,4
9104,4
9105,4
9106,2
9107,3
9108,2
9109,4
9110,4
9111,4
9112,4
9113,3
9114,2
9115,4
9116,2
9117,4
9118,5
9119,3
9120,2
9121,4
9122,2
9123,2
9124,5
9125,4
9126,4
9127,5
9128,5
9129,2
9130,5
9131,3
9132,3
9133,4
9134,4
9135,3
9136,3
9137,3
9138,5
9139,3
9140,4
9141,1
9142,3
9143,4
9144,1
9145,2
9146,2
9147,6
9148,2
9149,4
9150,2
9151,3
9152,4
9153,1
9154,3
9155,2
9156,4
9157,2
9158,2
9159,5
9160,3
9161,6
9162,3
9163,4
9164,2
9165,5
9166,1
9167,4
9168,1
9169,1
9170,2
9171,6
9172,3
9173,2
9174,4
9175,2
9176,4
9177,3
9178,4
9179,4
9180,4
9181,2
9182,6
9183,3
9184,4
9185,1
9186,4
9187,3
9188,4
9189,2
9190,6
9191,1
9192,3
9193,3
9194,4
9195,1
9196,4
9197,2
9198,2
9199,4
9200,4
9201,4
9202,2
9203,6
9204,1
9205,2
9206,4
9207,3
9208,2
9209,2
9210,5
9211,4
9212,5
9213,3
9214,3
9215,3
9216,2
9217,4
9218,3
9219,4
9220,4
9221,2
9222,2
9223,6
9224,5
9225,4
9226,5
9227,4
9228,3
9229,2
9230,3
9231,4
9232,3
9233,1
9234,3
9235,5
9236,1
9237,5
9238,6
9239,3
9240,4
9241,3
9242,1
9243,4
9244,2
9245,2
9246,4
9247,4
9248,2
9249,1
9250,5
9251,1
9252,3
9253,4
9254,4
9255,5
9256,3
9257,3
9258,4
9259,3
9260,1
9261,2
9262,4
9263,6
9264,1
9265,3
9266,4
9267,4
9268,2
9269,3
9270,5
9271,6
9272,3
9273,4
9274,4
9275,3
9276,2
9277,3
9278,3
9279,3
9280,1
9281,4
9282,2
9283,2
9284,4
9285,2
9286,3
9287,3
9288,4
9289,4
9290,4
9291,3
9292,6
9293,2
9294,3
9295,5
9296,2
9297,5
9298,4
9299,2
9300,2
9301,6
9302,2
9303,3
9304,2
9305,3
9306,5
9307,2
9308,3
9309,1
9310,2
9311,4
9312,1
9313,2
9314,3
9315,2
9316,4
9317,5
9318,2
9319,4
9320,3
9321,3
9322,4
9323,1
9324,3
9325,2
9326,4
9327,2
9328,4
9329,2
9330,2
9331,4
9332,2
9333,2
9334,4
9335,6
9336,3
9337,2
9338,2
9339,3
9340,4
9341,4
9342,2
9343,4
9344,4
9345,2
9346,5
9347,3
9348,4
9349,3
9350,2
9351,3
9352,5
9353,2
9354,1
9355,3
9356,4
9357,5
9358,4
9359,3
9360,1
9361,5
9362,5
9363,3
9364,2
9365,3
9366,6
9367,3
9368,4
9369,3
9370,1
9371,2
9372,4
9373,2
9374,3
9375,2
9376,3
9377,6
9378,2
9379,2
9380,3
9381,4
9382,4
9383,4
9384,1
9385,1
9386,3
9387,2
9388,4
9389,5
9390,4
9391,1
9392,5
9393,6
9394,3
9395,2
9396,6
9397,3
9398,4
9399,6
9400,2
9401,3
9402,5
9403,3
9404,2
9405,1
9406,4
9407,4
9408,2
9409,2
9410,2
9411,3
9412,3
9413,2
9414,2
9415,2
9416,4
9417,4
9418,6
9419,4
9420,1
9421,3
9422,2
9423,5
9424,1
9425,2
9426,2
9427,2
9428,1
9429,4
9430,5
9431,3
9432,4
9433,3
9434,2
9435,5
9436,2
9437,5
9438,6
9439,5
9440,4
9441,4
9442,5
9443,4
9444,6
9445,3
9446,4
9447,6
9448,3
9449,2
9450,4
9451,2
9452,5
9453,3
9454,2
9455,4
9456,4
9457,1
9458,3
9459,5
9460,4
9461,1
9462,1
9463,4
9464,5
9465,3
9466,1
9467,2
9468,3
9469,2
9470,3
9471,1
9472,3
9473,4
9474,4
9475,4
9476,1
9477,2
9478,4
9479,2
9480,2
9481,4
9482,4
9483,3
9484,6
9485,3
9486,3
9487,5
9488,2
9489,4
9490,2
9491,3
9492,2
9493,3
9494,4
9495,3
9496,2
9497,3
9498,1
9499,4
9500,2
9501,2
9502,3
9503,2
9504,5
9505,5
9506,6
9507,6
9508,1
9509,4
9510,6
9511,4
9512,6
9513,4
9514,2
9515,3
9516,3
9517,3
9518,1
9519,4
9520,3
9521,3
9522,5
9523,4
9524,2
9525,4
9526,3
9527,5
9528,1
9529,5
9530,2
9531,4
9532,5
9533,4
9534,2
9535,2
9536,2
9537,4
9538,2
9539,2
9540,5
9541,3
9542,2
9543,3
9544,4
9545,6
9546,4
9547,3
9548,4
9549,5
9550,3
9551,4
9552,5
9553,3
9554,2
9555,3
9556,4
9557,5
9558,4
9559,1
9560,2
9561,4
9562,5
9563,3
9564,2
9565,5
9566,4
9567,4
9568,3
9569,2
9570,3
9571,4
9572,3
9573,1
9574,2
9575,3
9576,4
9577,4
9578,3
9579,4
9580,4
9581,1
9582,5
9583,4
9584,3
9585,1
9586,3
9587,4
9588,2
9589,4
9590,4
9591,3
9592,6
9593,2
9594,3
9595,4
9596,2
9597,3
9598,2
9599,4
9600,2
9601,2
9602,2
9603,1
9604,4
9605,3
9606,4
9607,4
9608,3
9609,4
9610,2
9611,4
9612,3
9613,2
9614,1
9615,1
9616,3
9617,4
9618,1
9619,4
9620,4
9621,4
9622,2
9623,3
9624,2
9625,4
9626,3
9627,3
9628,5
9629,5
9630,3
9631,4
9632,4
9633,2
9634,6
9635,4
9636,5
9637,3
9638,4
9639,2
9640,2
9641,2
9642,2
9643,3
9644,4
9645,1
9646,5
9647,4
9648,2
9649,3
9650,6
9651,2
9652,6
9653,3
9654,2
9655,3
9656,5
9657,4
9658,3
9659,3
9660,3
9661,2
9662,3
9663,2
9664,3
9665,2
9666,4
9667,4
9668,4
9669,2
9670,2
9671,5
9672,5
9673,2
9674,4
9675,2
9676,4
9677,3
9678,4
9679,4
9680,1
9681,6
9682,2
9683,2
9684,4
9685,3
9686,1
9687,4
9688,2
9689,4
9690,6
9691,3
9692,4
9693,3
9694,3
9695,3
9696,2
9697,4
9698,4
9699,2
9700,3
9701,4
9702,2
9703,3
9704,4
9705,1
9706,6
9707,3
9708,2
9709,4
9710,3
9711,4
9712,5
9713,5
9714,2
9715,5
9716,4
9717,3
9718,3
9719,3
9720,5
9721,2
9722,3
9723,2
9724,2
9725,5
9726,2
9727,4
9728,4
9729,3
9730,6
9731,4
9732,2
9733,1
9734,3
9735,3
9736,2
9737,3
9738,5
9739,5
9740,3
9741,2
9742,4
9743,1
9744,4
9745,5
9746,5
9747,4
9748,5
9749,3
9750,3
9751,2
9752,2
9753,4
9754,3
9755,3
9756,4
9757,4
9758,4
9759,1
9760,4
9761,3
9762,1
9763,4
9764,4
9765,2
9766,3
9767,2
9768,4
9769,6
9770,4
9771,1
9772,1
9773,2
9774,3
9775,4
9776,2
9777,1
9778,4
9779,4
9780,2
9781,3
9782,4
9783,6
9784,5
9785,6
9786,5
9787,5
9788,2
9789,5
9790,6
9791,2
9792,2
9793,4
9794,3
9795,3
9796,5
9797,6
9798,3
9799,5
9800,3
9801,2
9802,2
9803,6
9804,5
9805,4
9806,3
9807,4
9808,2
9809,3
9810,4
9811,4
9812,4
9813,6
9814,5
9815,2
9816,4
9817,2
9818,1
9819,5
9820,6
9821,2
9822,5
9823,5
9824,5
9825,6
9826,4
9827,3
9828,6
9829,3
9830,1
9831,2
9832,4
9833,2
9834,2
9835,4
9836,4
9837,4
9838,5
9839,6
9840,5
9841,4
9842,2
9843,2
9844,1
9845,4
9846,4
9847,4
9848,5
9849,4
9850,2
9851,1
9852,3
9853,3
9854,2
9855,5
9856,2
9857,2
9858,4
9859,6
9860,1
9861,4
9862,6
9863,2
9864,1
9865,6
9866,4
9867,1
9868,3
9869,2
9870,3
9871,3
9872,3
9873,4
9874,1
9875,3
9876,4
9877,5
9878,2
9879,2
9880,2
9881,5
9882,2
9883,3
9884,3
9885,2
9886,3
9887,3
9888,4
9889,2
9890,3
9891,2
9892,2
9893,5
9894,2
9895,2
9896,3
9897,2
9898,4
9899,4
9900,1
9901,4
9902,4
9903,4
9904,2
9905,3
9906,1
9907,5
9908,2
9909,3
9910,3
9911,3
9912,4
9913,4
9914,3
9915,1
9916,3
9917,2
9918,4
9919,4
9920,4
9921,2
9922,4
9923,4
9924,4
9925,4
9926,1
9927,3
9928,4
9929,4
9930,5
9931,2
9932,4
9933,2
9934,3
9935,3
9936,2
9937,2
9938,3
9939,4
9940,2
9941,4
9942,1
9943,2
9944,3
9945,3
9946,2
9947,4
9948,5
9949,3
9950,4
9951,2
9952,6
9953,5
9954,4
9955,2
9956,3
9957,4
9958,5
9959,4
9960,4
9961,3
9962,2
9963,3
9964,1
9965,4
9966,3
9967,1
9968,1
9969,4
9970,1
9971,5
9972,3
9973,2
9974,3
9975,6
9976,3
9977,4
9978,3
9979,1
9980,4
9981,4
9982,5
9983,3
9984,3
9985,4
9986,3
9987,6
9988,6
9989,3
9990,3
9991,1
9992,2
9993,1
9994,3
9995,3
9996,1
9997,3
9998,5
9999,3
10000,1
10001,4
10002,3
10003,3
10004,4
10005,2
10006,3
10007,6
10008,4
10009,4
10010,4
10011,4
10012,2
10013,1
10014,1
10015,1
10016,3
10017,3
10018,2
10019,2
10020,3
10021,2
10022,2
10023,2
10024,2
10025,2
10026,2
10027,2
10028,2
10029,3
10030,3
10031,1
10032,2
10033,3
10034,4
10035,4
10036,3
10037,2
10038,4
10039,4
10040,4
10041,3
10042,3
10043,4
10044,1
10045,6
10046,4
10047,2
10048,6
10049,1
10050,3
10051,2
10052,3
10053,2
10054,1
10055,4
10056,3
10057,4
10058,4
10059,3
10060,4
10061,3
10062,2
10063,4
10064,2
10065,3
10066,2
10067,2
10068,4
10069,5
10070,4
10071,4
10072,3
10073,4
10074,3
10075,3
10076,3
10077,6
10078,5
10079,1
10080,3
10081,3
10082,4
10083,4
10084,3
10085,3
10086,4
10087,3
10088,2
10089,4
10090,4
10091,4
10092,4
10093,2
10094,4
10095,5
10096,1
10097,2
10098,3
10099,4
10100,5
10101,3
10102,3
10103,3
10104,5
10105,3
10106,4
10107,1
10108,3
10109,1
10110,4
10111,3
10112,3
10113,4
10114,2
10115,2
10116,3
10117,2
10118,4
10119,2
10120,3
10121,4
10122,2
10123,5
10124,4
10125,4
10126,5
10127,2
10128,2
10129,3
10130,1
10131,4
10132,3
10133,2
10134,5
10135,4
10136,6
10137,5
10138,3
10139,3
10140,4
10141,4
10142,3
10143,1
10144,3
10145,2
10146,4
10147,3
10148,4
10149,6
10150,1
10151,4
10152,2
10153,1
10154,2
10155,5
10156,3
10157,1
10158,3
10159,1
10160,2
10161,3
10162,2
10163,5
10164,2
10165,5
10166,4
10167,5
10168,1
10169,2
10170,6
10171,3
10172,4
10173,4
10174,3
10175,2
10176,3
10177,3
10178,4
10179,4
10180,3
10181,5
10182,1
10183,5
10184,1
10185,5
10186,2
10187,5
10188,4
10189,3
10190,3
10191,2
10192,4
10193,4
10194,6
10195,2
10196,3
10197,2
10198,4
10199,3
10200,3
10201,3
10202,3
10203,2
10204,1
10205,3
10206,5
10207,2
10208,2
10209,2
10210,4
10211,2
10212,4
10213,3
10214,2
10215,2
10216,1
10217,6
10218,3
10219,2
10220,4
10221,2
10222,3
10223,4
10224,6
10225,2
10226,6
10227,6
10228,4
10229,3
10230,2
10231,4
10232,4
10233,1
10234,4
10235,5
10236,4
10237,3
10238,2
10239,3
10240,3
10241,3
10242,2
10243,4
10244,4
10245,2
10246,2
10247,2
10248,4
10249,1
10250,3
10251,2
10252,4
10253,5
10254,2
10255,5
10256,4
10257,6
10258,4
10259,3
10260,4
10261,4
10262,3
10263,4
10264,4
10265,4
10266,2
10267,3
10268,1
10269,3
10270,5
10271,2
10272,4
10273,3
10274,4
10275,6
10276,3
10277,3
10278,3
10279,4
10280,2
10281,3
10282,2
10283,4
10284,5
10285,4
10286,3
10287,4
10288,6
10289,3
10290,4
10291,3
10292,2
10293,4
10294,1
10295,6
10296,4
10297,2
10298,6
10299,5
10300,2
10301,2
10302,2
10303,2
10304,3
10305,1
10306,4
10307,2
10308,3
10309,2
10310,4
10311,3
10312,3
10313,4
10314,6
10315,4
10316,2
10317,4
10318,4
10319,2
10320,2
10321,1
10322,3
10323,2
10324,1
10325,1
10326,5
10327,4
10328,3
10329,2
10330,3
10331,4
10332,2
10333,4
10334,1
10335,4
10336,3
10337,2
10338,6
10339,4
10340,3
10341,3
10342,1
10343,2
10344,4
10345,6
10346,3
10347,2
10348,4
10349,3
10350,2
10351,2
10352,3
10353,3
10354,4
10355,2
10356,6
10357,4
10358,3
10359,3
10360,3
10361,3
10362,4
10363,4
10364,2
10365,5
10366,3
10367,2
10368,4
10369,3
10370,1
10371,6
10372,6
10373,5
10374,2
10375,5
10376,6
10377,3
10378,2
10379,3
10380,2
10381,3
10382,3
10383,4
10384,6
10385,4
10386,3
10387,5
10388,6
10389,3
10390,2
10391,2
10392,5
10393,4
10394,4
10395,4
10396,2
10397,2
10398,3
10399,5
10400,4
10401,2
10402,4
10403,3
10404,5
10405,4
10406,1
10407,4
10408,6
10409,3
10410,4
10411,3
10412,3
10413,3
10414,3
10415,4
10416,3
10417,5
10418,2
10419,4
10420,4
10421,3
10422,3
10423,4
10424,4
10425,2
10426,2
10427,3
10428,4
10429,2
10430,2
10431,4
10432,1
10433,4
10434,2
10435,2
10436,4
10437,2
10438,3
10439,1
10440,3
10441,1
10442,1
10443,2
10444,3
10445,2
10446,4
10447,1
10448,6
10449,3
10450,1
10451,5
10452,4
10453,3
10454,5
10455,2
10456,5
10457,2
10458,5
10459,3
10460,4
10461,4
10462,2
10463,1
10464,4
10465,2
10466,4
10467,4
10468,3
10469,6
10470,2
10471,3
10472,3
10473,1
10474,4
10475,4
10476,6
10477,4
10478,4
10479,4
10480,5
10481,4
10482,3
10483,2
10484,1
10485,2
10486,4
10487,5
10488,2
10489,4
10490,3
10491,2
10492,4
10493,4
10494,1
10495,2
10496,1
10497,3
10498,4
10499,2
10500,2
10501,3
10502,4
10503,3
10504,4
10505,2
10506,4
10507,2
10508,4
10509,2
10510,6
10511,4
10512,3
10513,3
10514,2
10515,3
10516,1
10517,2
10518,6
10519,2
10520,2
10521,2
10522,4
